<?xml version="1.0" ?>
<annotation>
<folder>fddb</folder>
<filename>2002_08_04_big_img_721.jpg</filename>
<source>
<database>fddb Database</database>
<annotation>PASCAL VOC2007</annotation>
<image>flickr</image>
<flickrid>-1</flickrid>
</source>
<owner>
<flickrid>yanyu</flickrid>
<name>yanyu</name>
</owner>
<size>
<width>449</width>
<height>384</height>
<depth>3</depth>
</size>
<segmented>0</segmented>
<object>
<name>face</name>
<pose>Unspecified</pose>
<truncated>1</truncated>
<difficult>0</difficult>
<bndbox>
<xmin>53</xmin>
<ymin>34</ymin>
<xmax>114</xmax>
<ymax>135</ymax>
</bndbox>
</object>
<object>
<name>face</name>
<pose>Unspecified</pose>
<truncated>1</truncated>
<difficult>0</difficult>
<bndbox>
<xmin>53</xmin>
<ymin>34</ymin>
<xmax>114</xmax>
<ymax>135</ymax>
</bndbox>
</object>
<object>
<name>face</name>
<pose>Unspecified</pose>
<truncated>1</truncated>
<difficult>0</difficult>
<bndbox>
<xmin>305</xmin>
<ymin>48</ymin>
<xmax>366</xmax>
<ymax>147</ymax>
</bndbox>
</object>
<object>
<name>face</name>
<pose>Unspecified</pose>
<truncated>1</truncated>
<difficult>0</difficult>
<bndbox>
<xmin>305</xmin>
<ymin>48</ymin>
<xmax>366</xmax>
<ymax>147</ymax>
</bndbox>
</object>
<object>
<name>face</name>
<pose>Unspecified</pose>
<truncated>1</truncated>
<difficult>0</difficult>
<bndbox>
<xmin>408</xmin>
<ymin>88</ymin>
<xmax>449</xmax>
<ymax>179</ymax>
</bndbox>
</object>
</annotation>
