<?xml version="1.0" ?>
<annotation>
<folder>fddb</folder>
<filename>2002_08_30_big_img_18097.jpg</filename>
<source>
<database>fddb Database</database>
<annotation>PASCAL VOC2007</annotation>
<image>flickr</image>
<flickrid>-1</flickrid>
</source>
<owner>
<flickrid>yanyu</flickrid>
<name>yanyu</name>
</owner>
<size>
<width>342</width>
<height>450</height>
<depth>3</depth>
</size>
<segmented>0</segmented>
<object>
<name>face</name>
<pose>Unspecified</pose>
<truncated>1</truncated>
<difficult>0</difficult>
<bndbox>
<xmin>54</xmin>
<ymin>0</ymin>
<xmax>107</xmax>
<ymax>42</ymax>
</bndbox>
</object>
<object>
<name>face</name>
<pose>Unspecified</pose>
<truncated>1</truncated>
<difficult>0</difficult>
<bndbox>
<xmin>165</xmin>
<ymin>0</ymin>
<xmax>212</xmax>
<ymax>48</ymax>
</bndbox>
</object>
<object>
<name>face</name>
<pose>Unspecified</pose>
<truncated>1</truncated>
<difficult>0</difficult>
<bndbox>
<xmin>123</xmin>
<ymin>28</ymin>
<xmax>190</xmax>
<ymax>135</ymax>
</bndbox>
</object>
<object>
<name>face</name>
<pose>Unspecified</pose>
<truncated>1</truncated>
<difficult>0</difficult>
<bndbox>
<xmin>123</xmin>
<ymin>28</ymin>
<xmax>190</xmax>
<ymax>135</ymax>
</bndbox>
</object>
</annotation>
