<?xml version="1.0" ?>
<annotation>
<folder>fddb</folder>
<filename>2002_08_01_big_img_2143.jpg</filename>
<source>
<database>fddb Database</database>
<annotation>PASCAL VOC2007</annotation>
<image>flickr</image>
<flickrid>-1</flickrid>
</source>
<owner>
<flickrid>yanyu</flickrid>
<name>yanyu</name>
</owner>
<size>
<width>449</width>
<height>326</height>
<depth>3</depth>
</size>
<segmented>0</segmented>
<object>
<name>face</name>
<pose>Unspecified</pose>
<truncated>1</truncated>
<difficult>0</difficult>
<bndbox>
<xmin>34</xmin>
<ymin>51</ymin>
<xmax>117</xmax>
<ymax>184</ymax>
</bndbox>
</object>
<object>
<name>face</name>
<pose>Unspecified</pose>
<truncated>1</truncated>
<difficult>0</difficult>
<bndbox>
<xmin>34</xmin>
<ymin>51</ymin>
<xmax>117</xmax>
<ymax>184</ymax>
</bndbox>
</object>
<object>
<name>face</name>
<pose>Unspecified</pose>
<truncated>1</truncated>
<difficult>0</difficult>
<bndbox>
<xmin>155</xmin>
<ymin>22</ymin>
<xmax>288</xmax>
<ymax>205</ymax>
</bndbox>
</object>
<object>
<name>face</name>
<pose>Unspecified</pose>
<truncated>1</truncated>
<difficult>0</difficult>
<bndbox>
<xmin>155</xmin>
<ymin>22</ymin>
<xmax>288</xmax>
<ymax>205</ymax>
</bndbox>
</object>
<object>
<name>face</name>
<pose>Unspecified</pose>
<truncated>1</truncated>
<difficult>0</difficult>
<bndbox>
<xmin>329</xmin>
<ymin>54</ymin>
<xmax>412</xmax>
<ymax>171</ymax>
</bndbox>
</object>
<object>
<name>face</name>
<pose>Unspecified</pose>
<truncated>1</truncated>
<difficult>0</difficult>
<bndbox>
<xmin>329</xmin>
<ymin>54</ymin>
<xmax>412</xmax>
<ymax>171</ymax>
</bndbox>
</object>
</annotation>
