<?xml version="1.0" ?>
<annotation>
<folder>fddb</folder>
<filename>2002_08_28_big_img_19341.jpg</filename>
<source>
<database>fddb Database</database>
<annotation>PASCAL VOC2007</annotation>
<image>flickr</image>
<flickrid>-1</flickrid>
</source>
<owner>
<flickrid>yanyu</flickrid>
<name>yanyu</name>
</owner>
<size>
<width>245</width>
<height>450</height>
<depth>3</depth>
</size>
<segmented>0</segmented>
<object>
<name>face</name>
<pose>Unspecified</pose>
<truncated>1</truncated>
<difficult>0</difficult>
<bndbox>
<xmin>41</xmin>
<ymin>0</ymin>
<xmax>148</xmax>
<ymax>169</ymax>
</bndbox>
</object>
<object>
<name>face</name>
<pose>Unspecified</pose>
<truncated>1</truncated>
<difficult>0</difficult>
<bndbox>
<xmin>176</xmin>
<ymin>286</ymin>
<xmax>191</xmax>
<ymax>307</ymax>
</bndbox>
</object>
<object>
<name>face</name>
<pose>Unspecified</pose>
<truncated>1</truncated>
<difficult>0</difficult>
<bndbox>
<xmin>176</xmin>
<ymin>286</ymin>
<xmax>191</xmax>
<ymax>307</ymax>
</bndbox>
</object>
</annotation>
