<?xml version="1.0" ?>
<annotation>
<folder>fddb</folder>
<filename>2002_08_14_big_img_970.jpg</filename>
<source>
<database>fddb Database</database>
<annotation>PASCAL VOC2007</annotation>
<image>flickr</image>
<flickrid>-1</flickrid>
</source>
<owner>
<flickrid>yanyu</flickrid>
<name>yanyu</name>
</owner>
<size>
<width>450</width>
<height>339</height>
<depth>3</depth>
</size>
<segmented>0</segmented>
<object>
<name>face</name>
<pose>Unspecified</pose>
<truncated>1</truncated>
<difficult>0</difficult>
<bndbox>
<xmin>59</xmin>
<ymin>18</ymin>
<xmax>96</xmax>
<ymax>67</ymax>
</bndbox>
</object>
<object>
<name>face</name>
<pose>Unspecified</pose>
<truncated>1</truncated>
<difficult>0</difficult>
<bndbox>
<xmin>59</xmin>
<ymin>18</ymin>
<xmax>96</xmax>
<ymax>67</ymax>
</bndbox>
</object>
<object>
<name>face</name>
<pose>Unspecified</pose>
<truncated>1</truncated>
<difficult>0</difficult>
<bndbox>
<xmin>109</xmin>
<ymin>15</ymin>
<xmax>152</xmax>
<ymax>76</ymax>
</bndbox>
</object>
<object>
<name>face</name>
<pose>Unspecified</pose>
<truncated>1</truncated>
<difficult>0</difficult>
<bndbox>
<xmin>109</xmin>
<ymin>15</ymin>
<xmax>152</xmax>
<ymax>76</ymax>
</bndbox>
</object>
<object>
<name>face</name>
<pose>Unspecified</pose>
<truncated>1</truncated>
<difficult>0</difficult>
<bndbox>
<xmin>211</xmin>
<ymin>28</ymin>
<xmax>258</xmax>
<ymax>93</ymax>
</bndbox>
</object>
<object>
<name>face</name>
<pose>Unspecified</pose>
<truncated>1</truncated>
<difficult>0</difficult>
<bndbox>
<xmin>211</xmin>
<ymin>28</ymin>
<xmax>258</xmax>
<ymax>93</ymax>
</bndbox>
</object>
<object>
<name>face</name>
<pose>Unspecified</pose>
<truncated>1</truncated>
<difficult>0</difficult>
<bndbox>
<xmin>277</xmin>
<ymin>32</ymin>
<xmax>370</xmax>
<ymax>179</ymax>
</bndbox>
</object>
<object>
<name>face</name>
<pose>Unspecified</pose>
<truncated>1</truncated>
<difficult>0</difficult>
<bndbox>
<xmin>277</xmin>
<ymin>32</ymin>
<xmax>370</xmax>
<ymax>179</ymax>
</bndbox>
</object>
<object>
<name>face</name>
<pose>Unspecified</pose>
<truncated>1</truncated>
<difficult>0</difficult>
<bndbox>
<xmin>355</xmin>
<ymin>1</ymin>
<xmax>376</xmax>
<ymax>32</ymax>
</bndbox>
</object>
<object>
<name>face</name>
<pose>Unspecified</pose>
<truncated>1</truncated>
<difficult>0</difficult>
<bndbox>
<xmin>355</xmin>
<ymin>1</ymin>
<xmax>376</xmax>
<ymax>32</ymax>
</bndbox>
</object>
</annotation>
