<?xml version="1.0" ?>
<annotation>
<folder>fddb</folder>
<filename>2002_08_16_big_img_450.jpg</filename>
<source>
<database>fddb Database</database>
<annotation>PASCAL VOC2007</annotation>
<image>flickr</image>
<flickrid>-1</flickrid>
</source>
<owner>
<flickrid>yanyu</flickrid>
<name>yanyu</name>
</owner>
<size>
<width>450</width>
<height>329</height>
<depth>3</depth>
</size>
<segmented>0</segmented>
<object>
<name>face</name>
<pose>Unspecified</pose>
<truncated>1</truncated>
<difficult>0</difficult>
<bndbox>
<xmin>57</xmin>
<ymin>90</ymin>
<xmax>124</xmax>
<ymax>189</ymax>
</bndbox>
</object>
<object>
<name>face</name>
<pose>Unspecified</pose>
<truncated>1</truncated>
<difficult>0</difficult>
<bndbox>
<xmin>57</xmin>
<ymin>90</ymin>
<xmax>124</xmax>
<ymax>189</ymax>
</bndbox>
</object>
<object>
<name>face</name>
<pose>Unspecified</pose>
<truncated>1</truncated>
<difficult>0</difficult>
<bndbox>
<xmin>128</xmin>
<ymin>135</ymin>
<xmax>167</xmax>
<ymax>180</ymax>
</bndbox>
</object>
<object>
<name>face</name>
<pose>Unspecified</pose>
<truncated>1</truncated>
<difficult>0</difficult>
<bndbox>
<xmin>128</xmin>
<ymin>135</ymin>
<xmax>167</xmax>
<ymax>180</ymax>
</bndbox>
</object>
<object>
<name>face</name>
<pose>Unspecified</pose>
<truncated>1</truncated>
<difficult>0</difficult>
<bndbox>
<xmin>180</xmin>
<ymin>152</ymin>
<xmax>237</xmax>
<ymax>241</ymax>
</bndbox>
</object>
<object>
<name>face</name>
<pose>Unspecified</pose>
<truncated>1</truncated>
<difficult>0</difficult>
<bndbox>
<xmin>180</xmin>
<ymin>152</ymin>
<xmax>237</xmax>
<ymax>241</ymax>
</bndbox>
</object>
<object>
<name>face</name>
<pose>Unspecified</pose>
<truncated>1</truncated>
<difficult>0</difficult>
<bndbox>
<xmin>217</xmin>
<ymin>121</ymin>
<xmax>256</xmax>
<ymax>174</ymax>
</bndbox>
</object>
<object>
<name>face</name>
<pose>Unspecified</pose>
<truncated>1</truncated>
<difficult>0</difficult>
<bndbox>
<xmin>217</xmin>
<ymin>121</ymin>
<xmax>256</xmax>
<ymax>174</ymax>
</bndbox>
</object>
<object>
<name>face</name>
<pose>Unspecified</pose>
<truncated>1</truncated>
<difficult>0</difficult>
<bndbox>
<xmin>259</xmin>
<ymin>106</ymin>
<xmax>310</xmax>
<ymax>177</ymax>
</bndbox>
</object>
<object>
<name>face</name>
<pose>Unspecified</pose>
<truncated>1</truncated>
<difficult>0</difficult>
<bndbox>
<xmin>259</xmin>
<ymin>106</ymin>
<xmax>310</xmax>
<ymax>177</ymax>
</bndbox>
</object>
<object>
<name>face</name>
<pose>Unspecified</pose>
<truncated>1</truncated>
<difficult>0</difficult>
<bndbox>
<xmin>357</xmin>
<ymin>159</ymin>
<xmax>400</xmax>
<ymax>222</ymax>
</bndbox>
</object>
<object>
<name>face</name>
<pose>Unspecified</pose>
<truncated>1</truncated>
<difficult>0</difficult>
<bndbox>
<xmin>357</xmin>
<ymin>159</ymin>
<xmax>400</xmax>
<ymax>222</ymax>
</bndbox>
</object>
<object>
<name>face</name>
<pose>Unspecified</pose>
<truncated>1</truncated>
<difficult>0</difficult>
<bndbox>
<xmin>401</xmin>
<ymin>152</ymin>
<xmax>436</xmax>
<ymax>203</ymax>
</bndbox>
</object>
<object>
<name>face</name>
<pose>Unspecified</pose>
<truncated>1</truncated>
<difficult>0</difficult>
<bndbox>
<xmin>401</xmin>
<ymin>152</ymin>
<xmax>436</xmax>
<ymax>203</ymax>
</bndbox>
</object>
<object>
<name>face</name>
<pose>Unspecified</pose>
<truncated>1</truncated>
<difficult>0</difficult>
<bndbox>
<xmin>405</xmin>
<ymin>121</ymin>
<xmax>438</xmax>
<ymax>164</ymax>
</bndbox>
</object>
<object>
<name>face</name>
<pose>Unspecified</pose>
<truncated>1</truncated>
<difficult>0</difficult>
<bndbox>
<xmin>405</xmin>
<ymin>121</ymin>
<xmax>438</xmax>
<ymax>164</ymax>
</bndbox>
</object>
<object>
<name>face</name>
<pose>Unspecified</pose>
<truncated>1</truncated>
<difficult>0</difficult>
<bndbox>
<xmin>312</xmin>
<ymin>251</ymin>
<xmax>395</xmax>
<ymax>329</ymax>
</bndbox>
</object>
</annotation>
