<?xml version="1.0" ?>
<annotation>
<folder>fddb</folder>
<filename>2002_08_09_big_img_799.jpg</filename>
<source>
<database>fddb Database</database>
<annotation>PASCAL VOC2007</annotation>
<image>flickr</image>
<flickrid>-1</flickrid>
</source>
<owner>
<flickrid>yanyu</flickrid>
<name>yanyu</name>
</owner>
<size>
<width>450</width>
<height>231</height>
<depth>3</depth>
</size>
<segmented>0</segmented>
<object>
<name>face</name>
<pose>Unspecified</pose>
<truncated>1</truncated>
<difficult>0</difficult>
<bndbox>
<xmin>67</xmin>
<ymin>28</ymin>
<xmax>162</xmax>
<ymax>185</ymax>
</bndbox>
</object>
<object>
<name>face</name>
<pose>Unspecified</pose>
<truncated>1</truncated>
<difficult>0</difficult>
<bndbox>
<xmin>67</xmin>
<ymin>28</ymin>
<xmax>162</xmax>
<ymax>185</ymax>
</bndbox>
</object>
<object>
<name>face</name>
<pose>Unspecified</pose>
<truncated>1</truncated>
<difficult>0</difficult>
<bndbox>
<xmin>321</xmin>
<ymin>31</ymin>
<xmax>420</xmax>
<ymax>194</ymax>
</bndbox>
</object>
<object>
<name>face</name>
<pose>Unspecified</pose>
<truncated>1</truncated>
<difficult>0</difficult>
<bndbox>
<xmin>321</xmin>
<ymin>31</ymin>
<xmax>420</xmax>
<ymax>194</ymax>
</bndbox>
</object>
</annotation>
