<?xml version="1.0" ?>
<annotation>
<folder>fddb</folder>
<filename>2002_08_28_big_img_19238.jpg</filename>
<source>
<database>fddb Database</database>
<annotation>PASCAL VOC2007</annotation>
<image>flickr</image>
<flickrid>-1</flickrid>
</source>
<owner>
<flickrid>yanyu</flickrid>
<name>yanyu</name>
</owner>
<size>
<width>450</width>
<height>338</height>
<depth>3</depth>
</size>
<segmented>0</segmented>
<object>
<name>face</name>
<pose>Unspecified</pose>
<truncated>1</truncated>
<difficult>0</difficult>
<bndbox>
<xmin>44</xmin>
<ymin>35</ymin>
<xmax>131</xmax>
<ymax>160</ymax>
</bndbox>
</object>
<object>
<name>face</name>
<pose>Unspecified</pose>
<truncated>1</truncated>
<difficult>0</difficult>
<bndbox>
<xmin>44</xmin>
<ymin>35</ymin>
<xmax>131</xmax>
<ymax>160</ymax>
</bndbox>
</object>
<object>
<name>face</name>
<pose>Unspecified</pose>
<truncated>1</truncated>
<difficult>0</difficult>
<bndbox>
<xmin>324</xmin>
<ymin>103</ymin>
<xmax>413</xmax>
<ymax>236</ymax>
</bndbox>
</object>
<object>
<name>face</name>
<pose>Unspecified</pose>
<truncated>1</truncated>
<difficult>0</difficult>
<bndbox>
<xmin>324</xmin>
<ymin>103</ymin>
<xmax>413</xmax>
<ymax>236</ymax>
</bndbox>
</object>
</annotation>
