<?xml version="1.0" ?>
<annotation>
<folder>fddb</folder>
<filename>2002_08_29_big_img_18914.jpg</filename>
<source>
<database>fddb Database</database>
<annotation>PASCAL VOC2007</annotation>
<image>flickr</image>
<flickrid>-1</flickrid>
</source>
<owner>
<flickrid>yanyu</flickrid>
<name>yanyu</name>
</owner>
<size>
<width>450</width>
<height>297</height>
<depth>3</depth>
</size>
<segmented>0</segmented>
<object>
<name>face</name>
<pose>Unspecified</pose>
<truncated>1</truncated>
<difficult>0</difficult>
<bndbox>
<xmin>38</xmin>
<ymin>27</ymin>
<xmax>95</xmax>
<ymax>128</ymax>
</bndbox>
</object>
<object>
<name>face</name>
<pose>Unspecified</pose>
<truncated>1</truncated>
<difficult>0</difficult>
<bndbox>
<xmin>38</xmin>
<ymin>27</ymin>
<xmax>95</xmax>
<ymax>128</ymax>
</bndbox>
</object>
<object>
<name>face</name>
<pose>Unspecified</pose>
<truncated>1</truncated>
<difficult>0</difficult>
<bndbox>
<xmin>150</xmin>
<ymin>40</ymin>
<xmax>209</xmax>
<ymax>141</ymax>
</bndbox>
</object>
<object>
<name>face</name>
<pose>Unspecified</pose>
<truncated>1</truncated>
<difficult>0</difficult>
<bndbox>
<xmin>150</xmin>
<ymin>40</ymin>
<xmax>209</xmax>
<ymax>141</ymax>
</bndbox>
</object>
<object>
<name>face</name>
<pose>Unspecified</pose>
<truncated>1</truncated>
<difficult>0</difficult>
<bndbox>
<xmin>246</xmin>
<ymin>50</ymin>
<xmax>311</xmax>
<ymax>157</ymax>
</bndbox>
</object>
<object>
<name>face</name>
<pose>Unspecified</pose>
<truncated>1</truncated>
<difficult>0</difficult>
<bndbox>
<xmin>246</xmin>
<ymin>50</ymin>
<xmax>311</xmax>
<ymax>157</ymax>
</bndbox>
</object>
<object>
<name>face</name>
<pose>Unspecified</pose>
<truncated>1</truncated>
<difficult>0</difficult>
<bndbox>
<xmin>347</xmin>
<ymin>21</ymin>
<xmax>416</xmax>
<ymax>126</ymax>
</bndbox>
</object>
<object>
<name>face</name>
<pose>Unspecified</pose>
<truncated>1</truncated>
<difficult>0</difficult>
<bndbox>
<xmin>347</xmin>
<ymin>21</ymin>
<xmax>416</xmax>
<ymax>126</ymax>
</bndbox>
</object>
</annotation>
