<?xml version="1.0" ?>
<annotation>
<folder>fddb</folder>
<filename>2002_07_22_big_img_644.jpg</filename>
<source>
<database>fddb Database</database>
<annotation>PASCAL VOC2007</annotation>
<image>flickr</image>
<flickrid>-1</flickrid>
</source>
<owner>
<flickrid>yanyu</flickrid>
<name>yanyu</name>
</owner>
<size>
<width>358</width>
<height>450</height>
<depth>3</depth>
</size>
<segmented>0</segmented>
<object>
<name>face</name>
<pose>Unspecified</pose>
<truncated>1</truncated>
<difficult>0</difficult>
<bndbox>
<xmin>137</xmin>
<ymin>30</ymin>
<xmax>234</xmax>
<ymax>175</ymax>
</bndbox>
</object>
<object>
<name>face</name>
<pose>Unspecified</pose>
<truncated>1</truncated>
<difficult>0</difficult>
<bndbox>
<xmin>137</xmin>
<ymin>30</ymin>
<xmax>234</xmax>
<ymax>175</ymax>
</bndbox>
</object>
<object>
<name>face</name>
<pose>Unspecified</pose>
<truncated>1</truncated>
<difficult>0</difficult>
<bndbox>
<xmin>30</xmin>
<ymin>74</ymin>
<xmax>109</xmax>
<ymax>193</ymax>
</bndbox>
</object>
<object>
<name>face</name>
<pose>Unspecified</pose>
<truncated>1</truncated>
<difficult>0</difficult>
<bndbox>
<xmin>30</xmin>
<ymin>74</ymin>
<xmax>109</xmax>
<ymax>193</ymax>
</bndbox>
</object>
<object>
<name>face</name>
<pose>Unspecified</pose>
<truncated>1</truncated>
<difficult>0</difficult>
<bndbox>
<xmin>255</xmin>
<ymin>108</ymin>
<xmax>322</xmax>
<ymax>201</ymax>
</bndbox>
</object>
<object>
<name>face</name>
<pose>Unspecified</pose>
<truncated>1</truncated>
<difficult>0</difficult>
<bndbox>
<xmin>255</xmin>
<ymin>108</ymin>
<xmax>322</xmax>
<ymax>201</ymax>
</bndbox>
</object>
</annotation>
