<?xml version="1.0" ?>
<annotation>
<folder>fddb</folder>
<filename>2002_08_21_big_img_44.jpg</filename>
<source>
<database>fddb Database</database>
<annotation>PASCAL VOC2007</annotation>
<image>flickr</image>
<flickrid>-1</flickrid>
</source>
<owner>
<flickrid>yanyu</flickrid>
<name>yanyu</name>
</owner>
<size>
<width>450</width>
<height>264</height>
<depth>3</depth>
</size>
<segmented>0</segmented>
<object>
<name>face</name>
<pose>Unspecified</pose>
<truncated>1</truncated>
<difficult>0</difficult>
<bndbox>
<xmin>53</xmin>
<ymin>19</ymin>
<xmax>178</xmax>
<ymax>196</ymax>
</bndbox>
</object>
<object>
<name>face</name>
<pose>Unspecified</pose>
<truncated>1</truncated>
<difficult>0</difficult>
<bndbox>
<xmin>53</xmin>
<ymin>19</ymin>
<xmax>178</xmax>
<ymax>196</ymax>
</bndbox>
</object>
<object>
<name>face</name>
<pose>Unspecified</pose>
<truncated>1</truncated>
<difficult>0</difficult>
<bndbox>
<xmin>413</xmin>
<ymin>0</ymin>
<xmax>450</xmax>
<ymax>101</ymax>
</bndbox>
</object>
<object>
<name>face</name>
<pose>Unspecified</pose>
<truncated>1</truncated>
<difficult>0</difficult>
<bndbox>
<xmin>288</xmin>
<ymin>0</ymin>
<xmax>450</xmax>
<ymax>245</ymax>
</bndbox>
</object>
</annotation>
