<?xml version="1.0" ?>
<annotation>
<folder>fddb</folder>
<filename>2002_08_08_big_img_913.jpg</filename>
<source>
<database>fddb Database</database>
<annotation>PASCAL VOC2007</annotation>
<image>flickr</image>
<flickrid>-1</flickrid>
</source>
<owner>
<flickrid>yanyu</flickrid>
<name>yanyu</name>
</owner>
<size>
<width>258</width>
<height>450</height>
<depth>3</depth>
</size>
<segmented>0</segmented>
<object>
<name>face</name>
<pose>Unspecified</pose>
<truncated>1</truncated>
<difficult>0</difficult>
<bndbox>
<xmin>0</xmin>
<ymin>0</ymin>
<xmax>91</xmax>
<ymax>121</ymax>
</bndbox>
</object>
<object>
<name>face</name>
<pose>Unspecified</pose>
<truncated>1</truncated>
<difficult>0</difficult>
<bndbox>
<xmin>0</xmin>
<ymin>0</ymin>
<xmax>8</xmax>
<ymax>28</ymax>
</bndbox>
</object>
<object>
<name>face</name>
<pose>Unspecified</pose>
<truncated>1</truncated>
<difficult>0</difficult>
<bndbox>
<xmin>120</xmin>
<ymin>89</ymin>
<xmax>199</xmax>
<ymax>196</ymax>
</bndbox>
</object>
<object>
<name>face</name>
<pose>Unspecified</pose>
<truncated>1</truncated>
<difficult>0</difficult>
<bndbox>
<xmin>120</xmin>
<ymin>89</ymin>
<xmax>199</xmax>
<ymax>196</ymax>
</bndbox>
</object>
<object>
<name>face</name>
<pose>Unspecified</pose>
<truncated>1</truncated>
<difficult>0</difficult>
<bndbox>
<xmin>180</xmin>
<ymin>0</ymin>
<xmax>251</xmax>
<ymax>88</ymax>
</bndbox>
</object>
</annotation>
