<?xml version="1.0" ?>
<annotation>
<folder>fddb</folder>
<filename>2002_08_08_big_img_874.jpg</filename>
<source>
<database>fddb Database</database>
<annotation>PASCAL VOC2007</annotation>
<image>flickr</image>
<flickrid>-1</flickrid>
</source>
<owner>
<flickrid>yanyu</flickrid>
<name>yanyu</name>
</owner>
<size>
<width>356</width>
<height>449</height>
<depth>3</depth>
</size>
<segmented>0</segmented>
<object>
<name>face</name>
<pose>Unspecified</pose>
<truncated>1</truncated>
<difficult>0</difficult>
<bndbox>
<xmin>26</xmin>
<ymin>35</ymin>
<xmax>141</xmax>
<ymax>190</ymax>
</bndbox>
</object>
<object>
<name>face</name>
<pose>Unspecified</pose>
<truncated>1</truncated>
<difficult>0</difficult>
<bndbox>
<xmin>26</xmin>
<ymin>35</ymin>
<xmax>141</xmax>
<ymax>190</ymax>
</bndbox>
</object>
<object>
<name>face</name>
<pose>Unspecified</pose>
<truncated>1</truncated>
<difficult>0</difficult>
<bndbox>
<xmin>217</xmin>
<ymin>53</ymin>
<xmax>302</xmax>
<ymax>178</ymax>
</bndbox>
</object>
<object>
<name>face</name>
<pose>Unspecified</pose>
<truncated>1</truncated>
<difficult>0</difficult>
<bndbox>
<xmin>217</xmin>
<ymin>53</ymin>
<xmax>302</xmax>
<ymax>178</ymax>
</bndbox>
</object>
<object>
<name>face</name>
<pose>Unspecified</pose>
<truncated>1</truncated>
<difficult>0</difficult>
<bndbox>
<xmin>328</xmin>
<ymin>51</ymin>
<xmax>356</xmax>
<ymax>160</ymax>
</bndbox>
</object>
</annotation>
