<?xml version="1.0" ?>
<annotation>
<folder>fddb</folder>
<filename>2002_08_26_big_img_670.jpg</filename>
<source>
<database>fddb Database</database>
<annotation>PASCAL VOC2007</annotation>
<image>flickr</image>
<flickrid>-1</flickrid>
</source>
<owner>
<flickrid>yanyu</flickrid>
<name>yanyu</name>
</owner>
<size>
<width>450</width>
<height>326</height>
<depth>3</depth>
</size>
<segmented>0</segmented>
<object>
<name>face</name>
<pose>Unspecified</pose>
<truncated>1</truncated>
<difficult>0</difficult>
<bndbox>
<xmin>49</xmin>
<ymin>48</ymin>
<xmax>130</xmax>
<ymax>183</ymax>
</bndbox>
</object>
<object>
<name>face</name>
<pose>Unspecified</pose>
<truncated>1</truncated>
<difficult>0</difficult>
<bndbox>
<xmin>49</xmin>
<ymin>48</ymin>
<xmax>130</xmax>
<ymax>183</ymax>
</bndbox>
</object>
<object>
<name>face</name>
<pose>Unspecified</pose>
<truncated>1</truncated>
<difficult>0</difficult>
<bndbox>
<xmin>171</xmin>
<ymin>17</ymin>
<xmax>256</xmax>
<ymax>144</ymax>
</bndbox>
</object>
<object>
<name>face</name>
<pose>Unspecified</pose>
<truncated>1</truncated>
<difficult>0</difficult>
<bndbox>
<xmin>171</xmin>
<ymin>17</ymin>
<xmax>256</xmax>
<ymax>144</ymax>
</bndbox>
</object>
<object>
<name>face</name>
<pose>Unspecified</pose>
<truncated>1</truncated>
<difficult>0</difficult>
<bndbox>
<xmin>339</xmin>
<ymin>68</ymin>
<xmax>414</xmax>
<ymax>193</ymax>
</bndbox>
</object>
<object>
<name>face</name>
<pose>Unspecified</pose>
<truncated>1</truncated>
<difficult>0</difficult>
<bndbox>
<xmin>339</xmin>
<ymin>68</ymin>
<xmax>414</xmax>
<ymax>193</ymax>
</bndbox>
</object>
</annotation>
