<?xml version="1.0" ?>
<annotation>
<folder>fddb</folder>
<filename>2002_08_10_big_img_559.jpg</filename>
<source>
<database>fddb Database</database>
<annotation>PASCAL VOC2007</annotation>
<image>flickr</image>
<flickrid>-1</flickrid>
</source>
<owner>
<flickrid>yanyu</flickrid>
<name>yanyu</name>
</owner>
<size>
<width>450</width>
<height>371</height>
<depth>3</depth>
</size>
<segmented>0</segmented>
<object>
<name>face</name>
<pose>Unspecified</pose>
<truncated>1</truncated>
<difficult>0</difficult>
<bndbox>
<xmin>13</xmin>
<ymin>2</ymin>
<xmax>170</xmax>
<ymax>217</ymax>
</bndbox>
</object>
<object>
<name>face</name>
<pose>Unspecified</pose>
<truncated>1</truncated>
<difficult>0</difficult>
<bndbox>
<xmin>13</xmin>
<ymin>2</ymin>
<xmax>170</xmax>
<ymax>217</ymax>
</bndbox>
</object>
<object>
<name>face</name>
<pose>Unspecified</pose>
<truncated>1</truncated>
<difficult>0</difficult>
<bndbox>
<xmin>168</xmin>
<ymin>24</ymin>
<xmax>239</xmax>
<ymax>139</ymax>
</bndbox>
</object>
<object>
<name>face</name>
<pose>Unspecified</pose>
<truncated>1</truncated>
<difficult>0</difficult>
<bndbox>
<xmin>168</xmin>
<ymin>24</ymin>
<xmax>239</xmax>
<ymax>139</ymax>
</bndbox>
</object>
<object>
<name>face</name>
<pose>Unspecified</pose>
<truncated>1</truncated>
<difficult>0</difficult>
<bndbox>
<xmin>277</xmin>
<ymin>70</ymin>
<xmax>388</xmax>
<ymax>229</ymax>
</bndbox>
</object>
<object>
<name>face</name>
<pose>Unspecified</pose>
<truncated>1</truncated>
<difficult>0</difficult>
<bndbox>
<xmin>277</xmin>
<ymin>70</ymin>
<xmax>388</xmax>
<ymax>229</ymax>
</bndbox>
</object>
</annotation>
