<?xml version="1.0" ?>
<annotation>
<folder>fddb</folder>
<filename>2002_08_23_big_img_305.jpg</filename>
<source>
<database>fddb Database</database>
<annotation>PASCAL VOC2007</annotation>
<image>flickr</image>
<flickrid>-1</flickrid>
</source>
<owner>
<flickrid>yanyu</flickrid>
<name>yanyu</name>
</owner>
<size>
<width>449</width>
<height>299</height>
<depth>3</depth>
</size>
<segmented>0</segmented>
<object>
<name>face</name>
<pose>Unspecified</pose>
<truncated>1</truncated>
<difficult>0</difficult>
<bndbox>
<xmin>142</xmin>
<ymin>33</ymin>
<xmax>243</xmax>
<ymax>182</ymax>
</bndbox>
</object>
<object>
<name>face</name>
<pose>Unspecified</pose>
<truncated>1</truncated>
<difficult>0</difficult>
<bndbox>
<xmin>142</xmin>
<ymin>33</ymin>
<xmax>243</xmax>
<ymax>182</ymax>
</bndbox>
</object>
<object>
<name>face</name>
<pose>Unspecified</pose>
<truncated>1</truncated>
<difficult>0</difficult>
<bndbox>
<xmin>274</xmin>
<ymin>30</ymin>
<xmax>377</xmax>
<ymax>173</ymax>
</bndbox>
</object>
<object>
<name>face</name>
<pose>Unspecified</pose>
<truncated>1</truncated>
<difficult>0</difficult>
<bndbox>
<xmin>274</xmin>
<ymin>30</ymin>
<xmax>377</xmax>
<ymax>173</ymax>
</bndbox>
</object>
</annotation>
