<?xml version="1.0" ?>
<annotation>
<folder>fddb</folder>
<filename>2002_08_31_big_img_17538.jpg</filename>
<source>
<database>fddb Database</database>
<annotation>PASCAL VOC2007</annotation>
<image>flickr</image>
<flickrid>-1</flickrid>
</source>
<owner>
<flickrid>yanyu</flickrid>
<name>yanyu</name>
</owner>
<size>
<width>398</width>
<height>450</height>
<depth>3</depth>
</size>
<segmented>0</segmented>
<object>
<name>face</name>
<pose>Unspecified</pose>
<truncated>1</truncated>
<difficult>0</difficult>
<bndbox>
<xmin>31</xmin>
<ymin>66</ymin>
<xmax>160</xmax>
<ymax>251</ymax>
</bndbox>
</object>
<object>
<name>face</name>
<pose>Unspecified</pose>
<truncated>1</truncated>
<difficult>0</difficult>
<bndbox>
<xmin>31</xmin>
<ymin>66</ymin>
<xmax>160</xmax>
<ymax>251</ymax>
</bndbox>
</object>
<object>
<name>face</name>
<pose>Unspecified</pose>
<truncated>1</truncated>
<difficult>0</difficult>
<bndbox>
<xmin>185</xmin>
<ymin>40</ymin>
<xmax>312</xmax>
<ymax>217</ymax>
</bndbox>
</object>
<object>
<name>face</name>
<pose>Unspecified</pose>
<truncated>1</truncated>
<difficult>0</difficult>
<bndbox>
<xmin>185</xmin>
<ymin>40</ymin>
<xmax>312</xmax>
<ymax>217</ymax>
</bndbox>
</object>
</annotation>
