<?xml version="1.0" ?>
<annotation>
<folder>fddb</folder>
<filename>2002_08_14_big_img_896.jpg</filename>
<source>
<database>fddb Database</database>
<annotation>PASCAL VOC2007</annotation>
<image>flickr</image>
<flickrid>-1</flickrid>
</source>
<owner>
<flickrid>yanyu</flickrid>
<name>yanyu</name>
</owner>
<size>
<width>450</width>
<height>220</height>
<depth>3</depth>
</size>
<segmented>0</segmented>
<object>
<name>face</name>
<pose>Unspecified</pose>
<truncated>1</truncated>
<difficult>0</difficult>
<bndbox>
<xmin>39</xmin>
<ymin>9</ymin>
<xmax>194</xmax>
<ymax>204</ymax>
</bndbox>
</object>
<object>
<name>face</name>
<pose>Unspecified</pose>
<truncated>1</truncated>
<difficult>0</difficult>
<bndbox>
<xmin>39</xmin>
<ymin>9</ymin>
<xmax>194</xmax>
<ymax>204</ymax>
</bndbox>
</object>
<object>
<name>face</name>
<pose>Unspecified</pose>
<truncated>1</truncated>
<difficult>0</difficult>
<bndbox>
<xmin>315</xmin>
<ymin>6</ymin>
<xmax>392</xmax>
<ymax>105</ymax>
</bndbox>
</object>
<object>
<name>face</name>
<pose>Unspecified</pose>
<truncated>1</truncated>
<difficult>0</difficult>
<bndbox>
<xmin>315</xmin>
<ymin>6</ymin>
<xmax>392</xmax>
<ymax>105</ymax>
</bndbox>
</object>
</annotation>
