<?xml version="1.0" ?>
<annotation>
<folder>fddb</folder>
<filename>2002_08_12_big_img_631.jpg</filename>
<source>
<database>fddb Database</database>
<annotation>PASCAL VOC2007</annotation>
<image>flickr</image>
<flickrid>-1</flickrid>
</source>
<owner>
<flickrid>yanyu</flickrid>
<name>yanyu</name>
</owner>
<size>
<width>377</width>
<height>450</height>
<depth>3</depth>
</size>
<segmented>0</segmented>
<object>
<name>face</name>
<pose>Unspecified</pose>
<truncated>1</truncated>
<difficult>0</difficult>
<bndbox>
<xmin>96</xmin>
<ymin>28</ymin>
<xmax>207</xmax>
<ymax>221</ymax>
</bndbox>
</object>
<object>
<name>face</name>
<pose>Unspecified</pose>
<truncated>1</truncated>
<difficult>0</difficult>
<bndbox>
<xmin>96</xmin>
<ymin>28</ymin>
<xmax>207</xmax>
<ymax>221</ymax>
</bndbox>
</object>
<object>
<name>face</name>
<pose>Unspecified</pose>
<truncated>1</truncated>
<difficult>0</difficult>
<bndbox>
<xmin>255</xmin>
<ymin>98</ymin>
<xmax>356</xmax>
<ymax>225</ymax>
</bndbox>
</object>
<object>
<name>face</name>
<pose>Unspecified</pose>
<truncated>1</truncated>
<difficult>0</difficult>
<bndbox>
<xmin>255</xmin>
<ymin>98</ymin>
<xmax>356</xmax>
<ymax>225</ymax>
</bndbox>
</object>
</annotation>
