<?xml version="1.0" ?>
<annotation>
<folder>fddb</folder>
<filename>2002_08_11_big_img_58.jpg</filename>
<source>
<database>fddb Database</database>
<annotation>PASCAL VOC2007</annotation>
<image>flickr</image>
<flickrid>-1</flickrid>
</source>
<owner>
<flickrid>yanyu</flickrid>
<name>yanyu</name>
</owner>
<size>
<width>450</width>
<height>359</height>
<depth>3</depth>
</size>
<segmented>0</segmented>
<object>
<name>face</name>
<pose>Unspecified</pose>
<truncated>1</truncated>
<difficult>0</difficult>
<bndbox>
<xmin>57</xmin>
<ymin>27</ymin>
<xmax>118</xmax>
<ymax>118</ymax>
</bndbox>
</object>
<object>
<name>face</name>
<pose>Unspecified</pose>
<truncated>1</truncated>
<difficult>0</difficult>
<bndbox>
<xmin>57</xmin>
<ymin>27</ymin>
<xmax>118</xmax>
<ymax>118</ymax>
</bndbox>
</object>
<object>
<name>face</name>
<pose>Unspecified</pose>
<truncated>1</truncated>
<difficult>0</difficult>
<bndbox>
<xmin>126</xmin>
<ymin>43</ymin>
<xmax>165</xmax>
<ymax>98</ymax>
</bndbox>
</object>
<object>
<name>face</name>
<pose>Unspecified</pose>
<truncated>1</truncated>
<difficult>0</difficult>
<bndbox>
<xmin>126</xmin>
<ymin>43</ymin>
<xmax>165</xmax>
<ymax>98</ymax>
</bndbox>
</object>
<object>
<name>face</name>
<pose>Unspecified</pose>
<truncated>1</truncated>
<difficult>0</difficult>
<bndbox>
<xmin>195</xmin>
<ymin>46</ymin>
<xmax>236</xmax>
<ymax>105</ymax>
</bndbox>
</object>
<object>
<name>face</name>
<pose>Unspecified</pose>
<truncated>1</truncated>
<difficult>0</difficult>
<bndbox>
<xmin>195</xmin>
<ymin>46</ymin>
<xmax>236</xmax>
<ymax>105</ymax>
</bndbox>
</object>
<object>
<name>face</name>
<pose>Unspecified</pose>
<truncated>1</truncated>
<difficult>0</difficult>
<bndbox>
<xmin>263</xmin>
<ymin>18</ymin>
<xmax>324</xmax>
<ymax>115</ymax>
</bndbox>
</object>
<object>
<name>face</name>
<pose>Unspecified</pose>
<truncated>1</truncated>
<difficult>0</difficult>
<bndbox>
<xmin>263</xmin>
<ymin>18</ymin>
<xmax>324</xmax>
<ymax>115</ymax>
</bndbox>
</object>
<object>
<name>face</name>
<pose>Unspecified</pose>
<truncated>1</truncated>
<difficult>0</difficult>
<bndbox>
<xmin>337</xmin>
<ymin>37</ymin>
<xmax>364</xmax>
<ymax>72</ymax>
</bndbox>
</object>
<object>
<name>face</name>
<pose>Unspecified</pose>
<truncated>1</truncated>
<difficult>0</difficult>
<bndbox>
<xmin>337</xmin>
<ymin>37</ymin>
<xmax>364</xmax>
<ymax>72</ymax>
</bndbox>
</object>
<object>
<name>face</name>
<pose>Unspecified</pose>
<truncated>1</truncated>
<difficult>0</difficult>
<bndbox>
<xmin>372</xmin>
<ymin>25</ymin>
<xmax>413</xmax>
<ymax>90</ymax>
</bndbox>
</object>
<object>
<name>face</name>
<pose>Unspecified</pose>
<truncated>1</truncated>
<difficult>0</difficult>
<bndbox>
<xmin>372</xmin>
<ymin>25</ymin>
<xmax>413</xmax>
<ymax>90</ymax>
</bndbox>
</object>
<object>
<name>face</name>
<pose>Unspecified</pose>
<truncated>1</truncated>
<difficult>0</difficult>
<bndbox>
<xmin>412</xmin>
<ymin>24</ymin>
<xmax>447</xmax>
<ymax>79</ymax>
</bndbox>
</object>
<object>
<name>face</name>
<pose>Unspecified</pose>
<truncated>1</truncated>
<difficult>0</difficult>
<bndbox>
<xmin>412</xmin>
<ymin>24</ymin>
<xmax>447</xmax>
<ymax>79</ymax>
</bndbox>
</object>
<object>
<name>face</name>
<pose>Unspecified</pose>
<truncated>1</truncated>
<difficult>0</difficult>
<bndbox>
<xmin>220</xmin>
<ymin>28</ymin>
<xmax>253</xmax>
<ymax>79</ymax>
</bndbox>
</object>
<object>
<name>face</name>
<pose>Unspecified</pose>
<truncated>1</truncated>
<difficult>0</difficult>
<bndbox>
<xmin>220</xmin>
<ymin>28</ymin>
<xmax>253</xmax>
<ymax>79</ymax>
</bndbox>
</object>
</annotation>
