<?xml version="1.0" ?>
<annotation>
<folder>fddb</folder>
<filename>2002_08_07_big_img_1363.jpg</filename>
<source>
<database>fddb Database</database>
<annotation>PASCAL VOC2007</annotation>
<image>flickr</image>
<flickrid>-1</flickrid>
</source>
<owner>
<flickrid>yanyu</flickrid>
<name>yanyu</name>
</owner>
<size>
<width>295</width>
<height>450</height>
<depth>3</depth>
</size>
<segmented>0</segmented>
<object>
<name>face</name>
<pose>Unspecified</pose>
<truncated>1</truncated>
<difficult>0</difficult>
<bndbox>
<xmin>12</xmin>
<ymin>18</ymin>
<xmax>87</xmax>
<ymax>137</ymax>
</bndbox>
</object>
<object>
<name>face</name>
<pose>Unspecified</pose>
<truncated>1</truncated>
<difficult>0</difficult>
<bndbox>
<xmin>12</xmin>
<ymin>18</ymin>
<xmax>87</xmax>
<ymax>137</ymax>
</bndbox>
</object>
<object>
<name>face</name>
<pose>Unspecified</pose>
<truncated>1</truncated>
<difficult>0</difficult>
<bndbox>
<xmin>89</xmin>
<ymin>109</ymin>
<xmax>178</xmax>
<ymax>234</ymax>
</bndbox>
</object>
<object>
<name>face</name>
<pose>Unspecified</pose>
<truncated>1</truncated>
<difficult>0</difficult>
<bndbox>
<xmin>89</xmin>
<ymin>109</ymin>
<xmax>178</xmax>
<ymax>234</ymax>
</bndbox>
</object>
<object>
<name>face</name>
<pose>Unspecified</pose>
<truncated>1</truncated>
<difficult>0</difficult>
<bndbox>
<xmin>134</xmin>
<ymin>42</ymin>
<xmax>227</xmax>
<ymax>181</ymax>
</bndbox>
</object>
<object>
<name>face</name>
<pose>Unspecified</pose>
<truncated>1</truncated>
<difficult>0</difficult>
<bndbox>
<xmin>134</xmin>
<ymin>42</ymin>
<xmax>227</xmax>
<ymax>181</ymax>
</bndbox>
</object>
</annotation>
