<?xml version="1.0" ?>
<annotation>
<folder>fddb</folder>
<filename>2002_07_23_big_img_467.jpg</filename>
<source>
<database>fddb Database</database>
<annotation>PASCAL VOC2007</annotation>
<image>flickr</image>
<flickrid>-1</flickrid>
</source>
<owner>
<flickrid>yanyu</flickrid>
<name>yanyu</name>
</owner>
<size>
<width>323</width>
<height>450</height>
<depth>3</depth>
</size>
<segmented>0</segmented>
<object>
<name>face</name>
<pose>Unspecified</pose>
<truncated>1</truncated>
<difficult>0</difficult>
<bndbox>
<xmin>34</xmin>
<ymin>30</ymin>
<xmax>177</xmax>
<ymax>217</ymax>
</bndbox>
</object>
<object>
<name>face</name>
<pose>Unspecified</pose>
<truncated>1</truncated>
<difficult>0</difficult>
<bndbox>
<xmin>34</xmin>
<ymin>30</ymin>
<xmax>177</xmax>
<ymax>217</ymax>
</bndbox>
</object>
<object>
<name>face</name>
<pose>Unspecified</pose>
<truncated>1</truncated>
<difficult>0</difficult>
<bndbox>
<xmin>79</xmin>
<ymin>217</ymin>
<xmax>194</xmax>
<ymax>384</ymax>
</bndbox>
</object>
<object>
<name>face</name>
<pose>Unspecified</pose>
<truncated>1</truncated>
<difficult>0</difficult>
<bndbox>
<xmin>79</xmin>
<ymin>217</ymin>
<xmax>194</xmax>
<ymax>384</ymax>
</bndbox>
</object>
</annotation>
