<?xml version="1.0" ?>
<annotation>
<folder>fddb</folder>
<filename>2002_07_22_big_img_440.jpg</filename>
<source>
<database>fddb Database</database>
<annotation>PASCAL VOC2007</annotation>
<image>flickr</image>
<flickrid>-1</flickrid>
</source>
<owner>
<flickrid>yanyu</flickrid>
<name>yanyu</name>
</owner>
<size>
<width>450</width>
<height>293</height>
<depth>3</depth>
</size>
<segmented>0</segmented>
<object>
<name>face</name>
<pose>Unspecified</pose>
<truncated>1</truncated>
<difficult>0</difficult>
<bndbox>
<xmin>40</xmin>
<ymin>46</ymin>
<xmax>143</xmax>
<ymax>189</ymax>
</bndbox>
</object>
<object>
<name>face</name>
<pose>Unspecified</pose>
<truncated>1</truncated>
<difficult>0</difficult>
<bndbox>
<xmin>40</xmin>
<ymin>46</ymin>
<xmax>143</xmax>
<ymax>189</ymax>
</bndbox>
</object>
<object>
<name>face</name>
<pose>Unspecified</pose>
<truncated>1</truncated>
<difficult>0</difficult>
<bndbox>
<xmin>279</xmin>
<ymin>45</ymin>
<xmax>394</xmax>
<ymax>196</ymax>
</bndbox>
</object>
<object>
<name>face</name>
<pose>Unspecified</pose>
<truncated>1</truncated>
<difficult>0</difficult>
<bndbox>
<xmin>279</xmin>
<ymin>45</ymin>
<xmax>394</xmax>
<ymax>196</ymax>
</bndbox>
</object>
</annotation>
