<?xml version="1.0" ?>
<annotation>
<folder>fddb</folder>
<filename>2002_07_29_big_img_142.jpg</filename>
<source>
<database>fddb Database</database>
<annotation>PASCAL VOC2007</annotation>
<image>flickr</image>
<flickrid>-1</flickrid>
</source>
<owner>
<flickrid>yanyu</flickrid>
<name>yanyu</name>
</owner>
<size>
<width>450</width>
<height>338</height>
<depth>3</depth>
</size>
<segmented>0</segmented>
<object>
<name>face</name>
<pose>Unspecified</pose>
<truncated>1</truncated>
<difficult>0</difficult>
<bndbox>
<xmin>35</xmin>
<ymin>52</ymin>
<xmax>110</xmax>
<ymax>157</ymax>
</bndbox>
</object>
<object>
<name>face</name>
<pose>Unspecified</pose>
<truncated>1</truncated>
<difficult>0</difficult>
<bndbox>
<xmin>35</xmin>
<ymin>52</ymin>
<xmax>110</xmax>
<ymax>157</ymax>
</bndbox>
</object>
<object>
<name>face</name>
<pose>Unspecified</pose>
<truncated>1</truncated>
<difficult>0</difficult>
<bndbox>
<xmin>174</xmin>
<ymin>78</ymin>
<xmax>237</xmax>
<ymax>171</ymax>
</bndbox>
</object>
<object>
<name>face</name>
<pose>Unspecified</pose>
<truncated>1</truncated>
<difficult>0</difficult>
<bndbox>
<xmin>174</xmin>
<ymin>78</ymin>
<xmax>237</xmax>
<ymax>171</ymax>
</bndbox>
</object>
<object>
<name>face</name>
<pose>Unspecified</pose>
<truncated>1</truncated>
<difficult>0</difficult>
<bndbox>
<xmin>336</xmin>
<ymin>13</ymin>
<xmax>413</xmax>
<ymax>112</ymax>
</bndbox>
</object>
<object>
<name>face</name>
<pose>Unspecified</pose>
<truncated>1</truncated>
<difficult>0</difficult>
<bndbox>
<xmin>336</xmin>
<ymin>12</ymin>
<xmax>413</xmax>
<ymax>113</ymax>
</bndbox>
</object>
</annotation>
