<?xml version="1.0" ?>
<annotation>
<folder>fddb</folder>
<filename>2002_08_15_big_img_560.jpg</filename>
<source>
<database>fddb Database</database>
<annotation>PASCAL VOC2007</annotation>
<image>flickr</image>
<flickrid>-1</flickrid>
</source>
<owner>
<flickrid>yanyu</flickrid>
<name>yanyu</name>
</owner>
<size>
<width>370</width>
<height>450</height>
<depth>3</depth>
</size>
<segmented>0</segmented>
<object>
<name>face</name>
<pose>Unspecified</pose>
<truncated>1</truncated>
<difficult>0</difficult>
<bndbox>
<xmin>113</xmin>
<ymin>181</ymin>
<xmax>190</xmax>
<ymax>288</ymax>
</bndbox>
</object>
<object>
<name>face</name>
<pose>Unspecified</pose>
<truncated>1</truncated>
<difficult>0</difficult>
<bndbox>
<xmin>113</xmin>
<ymin>181</ymin>
<xmax>190</xmax>
<ymax>288</ymax>
</bndbox>
</object>
<object>
<name>face</name>
<pose>Unspecified</pose>
<truncated>1</truncated>
<difficult>0</difficult>
<bndbox>
<xmin>5</xmin>
<ymin>18</ymin>
<xmax>100</xmax>
<ymax>135</ymax>
</bndbox>
</object>
<object>
<name>face</name>
<pose>Unspecified</pose>
<truncated>1</truncated>
<difficult>0</difficult>
<bndbox>
<xmin>5</xmin>
<ymin>18</ymin>
<xmax>100</xmax>
<ymax>135</ymax>
</bndbox>
</object>
<object>
<name>face</name>
<pose>Unspecified</pose>
<truncated>1</truncated>
<difficult>0</difficult>
<bndbox>
<xmin>95</xmin>
<ymin>75</ymin>
<xmax>180</xmax>
<ymax>178</ymax>
</bndbox>
</object>
<object>
<name>face</name>
<pose>Unspecified</pose>
<truncated>1</truncated>
<difficult>0</difficult>
<bndbox>
<xmin>95</xmin>
<ymin>75</ymin>
<xmax>180</xmax>
<ymax>178</ymax>
</bndbox>
</object>
<object>
<name>face</name>
<pose>Unspecified</pose>
<truncated>1</truncated>
<difficult>0</difficult>
<bndbox>
<xmin>163</xmin>
<ymin>130</ymin>
<xmax>246</xmax>
<ymax>249</ymax>
</bndbox>
</object>
<object>
<name>face</name>
<pose>Unspecified</pose>
<truncated>1</truncated>
<difficult>0</difficult>
<bndbox>
<xmin>163</xmin>
<ymin>130</ymin>
<xmax>246</xmax>
<ymax>249</ymax>
</bndbox>
</object>
<object>
<name>face</name>
<pose>Unspecified</pose>
<truncated>1</truncated>
<difficult>0</difficult>
<bndbox>
<xmin>277</xmin>
<ymin>123</ymin>
<xmax>364</xmax>
<ymax>252</ymax>
</bndbox>
</object>
<object>
<name>face</name>
<pose>Unspecified</pose>
<truncated>1</truncated>
<difficult>0</difficult>
<bndbox>
<xmin>277</xmin>
<ymin>123</ymin>
<xmax>364</xmax>
<ymax>252</ymax>
</bndbox>
</object>
</annotation>
