<?xml version="1.0" ?>
<annotation>
<folder>fddb</folder>
<filename>2002_08_26_big_img_537.jpg</filename>
<source>
<database>fddb Database</database>
<annotation>PASCAL VOC2007</annotation>
<image>flickr</image>
<flickrid>-1</flickrid>
</source>
<owner>
<flickrid>yanyu</flickrid>
<name>yanyu</name>
</owner>
<size>
<width>450</width>
<height>311</height>
<depth>3</depth>
</size>
<segmented>0</segmented>
<object>
<name>face</name>
<pose>Unspecified</pose>
<truncated>1</truncated>
<difficult>0</difficult>
<bndbox>
<xmin>34</xmin>
<ymin>0</ymin>
<xmax>115</xmax>
<ymax>126</ymax>
</bndbox>
</object>
<object>
<name>face</name>
<pose>Unspecified</pose>
<truncated>1</truncated>
<difficult>0</difficult>
<bndbox>
<xmin>173</xmin>
<ymin>50</ymin>
<xmax>248</xmax>
<ymax>165</ymax>
</bndbox>
</object>
<object>
<name>face</name>
<pose>Unspecified</pose>
<truncated>1</truncated>
<difficult>0</difficult>
<bndbox>
<xmin>173</xmin>
<ymin>50</ymin>
<xmax>248</xmax>
<ymax>165</ymax>
</bndbox>
</object>
<object>
<name>face</name>
<pose>Unspecified</pose>
<truncated>1</truncated>
<difficult>0</difficult>
<bndbox>
<xmin>325</xmin>
<ymin>132</ymin>
<xmax>398</xmax>
<ymax>243</ymax>
</bndbox>
</object>
<object>
<name>face</name>
<pose>Unspecified</pose>
<truncated>1</truncated>
<difficult>0</difficult>
<bndbox>
<xmin>325</xmin>
<ymin>132</ymin>
<xmax>398</xmax>
<ymax>243</ymax>
</bndbox>
</object>
</annotation>
