<?xml version="1.0" ?>
<annotation>
<folder>fddb</folder>
<filename>2002_07_26_big_img_669.jpg</filename>
<source>
<database>fddb Database</database>
<annotation>PASCAL VOC2007</annotation>
<image>flickr</image>
<flickrid>-1</flickrid>
</source>
<owner>
<flickrid>yanyu</flickrid>
<name>yanyu</name>
</owner>
<size>
<width>450</width>
<height>336</height>
<depth>3</depth>
</size>
<segmented>0</segmented>
<object>
<name>face</name>
<pose>Unspecified</pose>
<truncated>1</truncated>
<difficult>0</difficult>
<bndbox>
<xmin>42</xmin>
<ymin>42</ymin>
<xmax>117</xmax>
<ymax>147</ymax>
</bndbox>
</object>
<object>
<name>face</name>
<pose>Unspecified</pose>
<truncated>1</truncated>
<difficult>0</difficult>
<bndbox>
<xmin>42</xmin>
<ymin>42</ymin>
<xmax>117</xmax>
<ymax>147</ymax>
</bndbox>
</object>
<object>
<name>face</name>
<pose>Unspecified</pose>
<truncated>1</truncated>
<difficult>0</difficult>
<bndbox>
<xmin>268</xmin>
<ymin>36</ymin>
<xmax>345</xmax>
<ymax>147</ymax>
</bndbox>
</object>
<object>
<name>face</name>
<pose>Unspecified</pose>
<truncated>1</truncated>
<difficult>0</difficult>
<bndbox>
<xmin>268</xmin>
<ymin>36</ymin>
<xmax>345</xmax>
<ymax>147</ymax>
</bndbox>
</object>
</annotation>
