<?xml version="1.0" ?>
<annotation>
<folder>fddb</folder>
<filename>2002_08_23_big_img_586.jpg</filename>
<source>
<database>fddb Database</database>
<annotation>PASCAL VOC2007</annotation>
<image>flickr</image>
<flickrid>-1</flickrid>
</source>
<owner>
<flickrid>yanyu</flickrid>
<name>yanyu</name>
</owner>
<size>
<width>450</width>
<height>332</height>
<depth>3</depth>
</size>
<segmented>0</segmented>
<object>
<name>face</name>
<pose>Unspecified</pose>
<truncated>1</truncated>
<difficult>0</difficult>
<bndbox>
<xmin>81</xmin>
<ymin>11</ymin>
<xmax>186</xmax>
<ymax>170</ymax>
</bndbox>
</object>
<object>
<name>face</name>
<pose>Unspecified</pose>
<truncated>1</truncated>
<difficult>0</difficult>
<bndbox>
<xmin>81</xmin>
<ymin>11</ymin>
<xmax>186</xmax>
<ymax>170</ymax>
</bndbox>
</object>
<object>
<name>face</name>
<pose>Unspecified</pose>
<truncated>1</truncated>
<difficult>0</difficult>
<bndbox>
<xmin>282</xmin>
<ymin>79</ymin>
<xmax>379</xmax>
<ymax>218</ymax>
</bndbox>
</object>
<object>
<name>face</name>
<pose>Unspecified</pose>
<truncated>1</truncated>
<difficult>0</difficult>
<bndbox>
<xmin>282</xmin>
<ymin>79</ymin>
<xmax>379</xmax>
<ymax>218</ymax>
</bndbox>
</object>
</annotation>
