<?xml version="1.0" ?>
<annotation>
<folder>fddb</folder>
<filename>2002_07_28_big_img_115.jpg</filename>
<source>
<database>fddb Database</database>
<annotation>PASCAL VOC2007</annotation>
<image>flickr</image>
<flickrid>-1</flickrid>
</source>
<owner>
<flickrid>yanyu</flickrid>
<name>yanyu</name>
</owner>
<size>
<width>450</width>
<height>327</height>
<depth>3</depth>
</size>
<segmented>0</segmented>
<object>
<name>face</name>
<pose>Unspecified</pose>
<truncated>1</truncated>
<difficult>0</difficult>
<bndbox>
<xmin>160</xmin>
<ymin>60</ymin>
<xmax>203</xmax>
<ymax>127</ymax>
</bndbox>
</object>
<object>
<name>face</name>
<pose>Unspecified</pose>
<truncated>1</truncated>
<difficult>0</difficult>
<bndbox>
<xmin>160</xmin>
<ymin>60</ymin>
<xmax>203</xmax>
<ymax>127</ymax>
</bndbox>
</object>
<object>
<name>face</name>
<pose>Unspecified</pose>
<truncated>1</truncated>
<difficult>0</difficult>
<bndbox>
<xmin>199</xmin>
<ymin>43</ymin>
<xmax>242</xmax>
<ymax>106</ymax>
</bndbox>
</object>
<object>
<name>face</name>
<pose>Unspecified</pose>
<truncated>1</truncated>
<difficult>0</difficult>
<bndbox>
<xmin>199</xmin>
<ymin>43</ymin>
<xmax>242</xmax>
<ymax>106</ymax>
</bndbox>
</object>
<object>
<name>face</name>
<pose>Unspecified</pose>
<truncated>1</truncated>
<difficult>0</difficult>
<bndbox>
<xmin>324</xmin>
<ymin>40</ymin>
<xmax>363</xmax>
<ymax>103</ymax>
</bndbox>
</object>
<object>
<name>face</name>
<pose>Unspecified</pose>
<truncated>1</truncated>
<difficult>0</difficult>
<bndbox>
<xmin>324</xmin>
<ymin>40</ymin>
<xmax>363</xmax>
<ymax>103</ymax>
</bndbox>
</object>
</annotation>
