<?xml version="1.0" ?>
<annotation>
<folder>fddb</folder>
<filename>2002_08_27_big_img_19976.jpg</filename>
<source>
<database>fddb Database</database>
<annotation>PASCAL VOC2007</annotation>
<image>flickr</image>
<flickrid>-1</flickrid>
</source>
<owner>
<flickrid>yanyu</flickrid>
<name>yanyu</name>
</owner>
<size>
<width>450</width>
<height>395</height>
<depth>3</depth>
</size>
<segmented>0</segmented>
<object>
<name>face</name>
<pose>Unspecified</pose>
<truncated>1</truncated>
<difficult>0</difficult>
<bndbox>
<xmin>84</xmin>
<ymin>45</ymin>
<xmax>157</xmax>
<ymax>160</ymax>
</bndbox>
</object>
<object>
<name>face</name>
<pose>Unspecified</pose>
<truncated>1</truncated>
<difficult>0</difficult>
<bndbox>
<xmin>84</xmin>
<ymin>45</ymin>
<xmax>157</xmax>
<ymax>160</ymax>
</bndbox>
</object>
<object>
<name>face</name>
<pose>Unspecified</pose>
<truncated>1</truncated>
<difficult>0</difficult>
<bndbox>
<xmin>204</xmin>
<ymin>79</ymin>
<xmax>271</xmax>
<ymax>178</ymax>
</bndbox>
</object>
<object>
<name>face</name>
<pose>Unspecified</pose>
<truncated>1</truncated>
<difficult>0</difficult>
<bndbox>
<xmin>204</xmin>
<ymin>79</ymin>
<xmax>271</xmax>
<ymax>178</ymax>
</bndbox>
</object>
</annotation>
