<?xml version="1.0" ?>
<annotation>
<folder>fddb</folder>
<filename>2002_08_15_big_img_555.jpg</filename>
<source>
<database>fddb Database</database>
<annotation>PASCAL VOC2007</annotation>
<image>flickr</image>
<flickrid>-1</flickrid>
</source>
<owner>
<flickrid>yanyu</flickrid>
<name>yanyu</name>
</owner>
<size>
<width>450</width>
<height>396</height>
<depth>3</depth>
</size>
<segmented>0</segmented>
<object>
<name>face</name>
<pose>Unspecified</pose>
<truncated>1</truncated>
<difficult>0</difficult>
<bndbox>
<xmin>145</xmin>
<ymin>165</ymin>
<xmax>240</xmax>
<ymax>304</ymax>
</bndbox>
</object>
<object>
<name>face</name>
<pose>Unspecified</pose>
<truncated>1</truncated>
<difficult>0</difficult>
<bndbox>
<xmin>145</xmin>
<ymin>165</ymin>
<xmax>240</xmax>
<ymax>304</ymax>
</bndbox>
</object>
<object>
<name>face</name>
<pose>Unspecified</pose>
<truncated>1</truncated>
<difficult>0</difficult>
<bndbox>
<xmin>16</xmin>
<ymin>16</ymin>
<xmax>123</xmax>
<ymax>153</ymax>
</bndbox>
</object>
<object>
<name>face</name>
<pose>Unspecified</pose>
<truncated>1</truncated>
<difficult>0</difficult>
<bndbox>
<xmin>16</xmin>
<ymin>16</ymin>
<xmax>123</xmax>
<ymax>153</ymax>
</bndbox>
</object>
<object>
<name>face</name>
<pose>Unspecified</pose>
<truncated>1</truncated>
<difficult>0</difficult>
<bndbox>
<xmin>117</xmin>
<ymin>78</ymin>
<xmax>210</xmax>
<ymax>195</ymax>
</bndbox>
</object>
<object>
<name>face</name>
<pose>Unspecified</pose>
<truncated>1</truncated>
<difficult>0</difficult>
<bndbox>
<xmin>117</xmin>
<ymin>78</ymin>
<xmax>210</xmax>
<ymax>195</ymax>
</bndbox>
</object>
<object>
<name>face</name>
<pose>Unspecified</pose>
<truncated>1</truncated>
<difficult>0</difficult>
<bndbox>
<xmin>207</xmin>
<ymin>141</ymin>
<xmax>298</xmax>
<ymax>278</ymax>
</bndbox>
</object>
<object>
<name>face</name>
<pose>Unspecified</pose>
<truncated>1</truncated>
<difficult>0</difficult>
<bndbox>
<xmin>207</xmin>
<ymin>141</ymin>
<xmax>298</xmax>
<ymax>278</ymax>
</bndbox>
</object>
<object>
<name>face</name>
<pose>Unspecified</pose>
<truncated>1</truncated>
<difficult>0</difficult>
<bndbox>
<xmin>332</xmin>
<ymin>129</ymin>
<xmax>437</xmax>
<ymax>278</ymax>
</bndbox>
</object>
<object>
<name>face</name>
<pose>Unspecified</pose>
<truncated>1</truncated>
<difficult>0</difficult>
<bndbox>
<xmin>332</xmin>
<ymin>129</ymin>
<xmax>437</xmax>
<ymax>278</ymax>
</bndbox>
</object>
</annotation>
