<?xml version="1.0" ?>
<annotation>
<folder>fddb</folder>
<filename>2002_08_25_big_img_703.jpg</filename>
<source>
<database>fddb Database</database>
<annotation>PASCAL VOC2007</annotation>
<image>flickr</image>
<flickrid>-1</flickrid>
</source>
<owner>
<flickrid>yanyu</flickrid>
<name>yanyu</name>
</owner>
<size>
<width>450</width>
<height>316</height>
<depth>3</depth>
</size>
<segmented>0</segmented>
<object>
<name>face</name>
<pose>Unspecified</pose>
<truncated>1</truncated>
<difficult>0</difficult>
<bndbox>
<xmin>56</xmin>
<ymin>19</ymin>
<xmax>107</xmax>
<ymax>94</ymax>
</bndbox>
</object>
<object>
<name>face</name>
<pose>Unspecified</pose>
<truncated>1</truncated>
<difficult>0</difficult>
<bndbox>
<xmin>56</xmin>
<ymin>19</ymin>
<xmax>107</xmax>
<ymax>94</ymax>
</bndbox>
</object>
<object>
<name>face</name>
<pose>Unspecified</pose>
<truncated>1</truncated>
<difficult>0</difficult>
<bndbox>
<xmin>137</xmin>
<ymin>38</ymin>
<xmax>154</xmax>
<ymax>61</ymax>
</bndbox>
</object>
<object>
<name>face</name>
<pose>Unspecified</pose>
<truncated>1</truncated>
<difficult>0</difficult>
<bndbox>
<xmin>137</xmin>
<ymin>38</ymin>
<xmax>154</xmax>
<ymax>61</ymax>
</bndbox>
</object>
<object>
<name>face</name>
<pose>Unspecified</pose>
<truncated>1</truncated>
<difficult>0</difficult>
<bndbox>
<xmin>158</xmin>
<ymin>48</ymin>
<xmax>189</xmax>
<ymax>89</ymax>
</bndbox>
</object>
<object>
<name>face</name>
<pose>Unspecified</pose>
<truncated>1</truncated>
<difficult>0</difficult>
<bndbox>
<xmin>158</xmin>
<ymin>48</ymin>
<xmax>189</xmax>
<ymax>89</ymax>
</bndbox>
</object>
<object>
<name>face</name>
<pose>Unspecified</pose>
<truncated>1</truncated>
<difficult>0</difficult>
<bndbox>
<xmin>194</xmin>
<ymin>33</ymin>
<xmax>213</xmax>
<ymax>58</ymax>
</bndbox>
</object>
<object>
<name>face</name>
<pose>Unspecified</pose>
<truncated>1</truncated>
<difficult>0</difficult>
<bndbox>
<xmin>194</xmin>
<ymin>33</ymin>
<xmax>213</xmax>
<ymax>58</ymax>
</bndbox>
</object>
</annotation>
