<?xml version="1.0" ?>
<annotation>
<folder>fddb</folder>
<filename>2002_07_23_big_img_808.jpg</filename>
<source>
<database>fddb Database</database>
<annotation>PASCAL VOC2007</annotation>
<image>flickr</image>
<flickrid>-1</flickrid>
</source>
<owner>
<flickrid>yanyu</flickrid>
<name>yanyu</name>
</owner>
<size>
<width>450</width>
<height>333</height>
<depth>3</depth>
</size>
<segmented>0</segmented>
<object>
<name>face</name>
<pose>Unspecified</pose>
<truncated>1</truncated>
<difficult>0</difficult>
<bndbox>
<xmin>109</xmin>
<ymin>1</ymin>
<xmax>228</xmax>
<ymax>206</ymax>
</bndbox>
</object>
<object>
<name>face</name>
<pose>Unspecified</pose>
<truncated>1</truncated>
<difficult>0</difficult>
<bndbox>
<xmin>109</xmin>
<ymin>1</ymin>
<xmax>228</xmax>
<ymax>206</ymax>
</bndbox>
</object>
<object>
<name>face</name>
<pose>Unspecified</pose>
<truncated>1</truncated>
<difficult>0</difficult>
<bndbox>
<xmin>300</xmin>
<ymin>108</ymin>
<xmax>345</xmax>
<ymax>177</ymax>
</bndbox>
</object>
<object>
<name>face</name>
<pose>Unspecified</pose>
<truncated>1</truncated>
<difficult>0</difficult>
<bndbox>
<xmin>300</xmin>
<ymin>108</ymin>
<xmax>345</xmax>
<ymax>177</ymax>
</bndbox>
</object>
<object>
<name>face</name>
<pose>Unspecified</pose>
<truncated>1</truncated>
<difficult>0</difficult>
<bndbox>
<xmin>360</xmin>
<ymin>118</ymin>
<xmax>411</xmax>
<ymax>201</ymax>
</bndbox>
</object>
<object>
<name>face</name>
<pose>Unspecified</pose>
<truncated>1</truncated>
<difficult>0</difficult>
<bndbox>
<xmin>360</xmin>
<ymin>118</ymin>
<xmax>411</xmax>
<ymax>201</ymax>
</bndbox>
</object>
</annotation>
