<?xml version="1.0" ?>
<annotation>
<folder>fddb</folder>
<filename>2002_07_31_big_img_207.jpg</filename>
<source>
<database>fddb Database</database>
<annotation>PASCAL VOC2007</annotation>
<image>flickr</image>
<flickrid>-1</flickrid>
</source>
<owner>
<flickrid>yanyu</flickrid>
<name>yanyu</name>
</owner>
<size>
<width>450</width>
<height>354</height>
<depth>3</depth>
</size>
<segmented>0</segmented>
<object>
<name>face</name>
<pose>Unspecified</pose>
<truncated>1</truncated>
<difficult>0</difficult>
<bndbox>
<xmin>145</xmin>
<ymin>46</ymin>
<xmax>192</xmax>
<ymax>119</ymax>
</bndbox>
</object>
<object>
<name>face</name>
<pose>Unspecified</pose>
<truncated>1</truncated>
<difficult>0</difficult>
<bndbox>
<xmin>145</xmin>
<ymin>46</ymin>
<xmax>192</xmax>
<ymax>119</ymax>
</bndbox>
</object>
<object>
<name>face</name>
<pose>Unspecified</pose>
<truncated>1</truncated>
<difficult>0</difficult>
<bndbox>
<xmin>311</xmin>
<ymin>55</ymin>
<xmax>374</xmax>
<ymax>150</ymax>
</bndbox>
</object>
<object>
<name>face</name>
<pose>Unspecified</pose>
<truncated>1</truncated>
<difficult>0</difficult>
<bndbox>
<xmin>311</xmin>
<ymin>55</ymin>
<xmax>374</xmax>
<ymax>150</ymax>
</bndbox>
</object>
</annotation>
