<?xml version="1.0" ?>
<annotation>
<folder>fddb</folder>
<filename>2002_08_13_big_img_748.jpg</filename>
<source>
<database>fddb Database</database>
<annotation>PASCAL VOC2007</annotation>
<image>flickr</image>
<flickrid>-1</flickrid>
</source>
<owner>
<flickrid>yanyu</flickrid>
<name>yanyu</name>
</owner>
<size>
<width>449</width>
<height>290</height>
<depth>3</depth>
</size>
<segmented>0</segmented>
<object>
<name>face</name>
<pose>Unspecified</pose>
<truncated>1</truncated>
<difficult>0</difficult>
<bndbox>
<xmin>59</xmin>
<ymin>31</ymin>
<xmax>144</xmax>
<ymax>172</ymax>
</bndbox>
</object>
<object>
<name>face</name>
<pose>Unspecified</pose>
<truncated>1</truncated>
<difficult>0</difficult>
<bndbox>
<xmin>59</xmin>
<ymin>31</ymin>
<xmax>144</xmax>
<ymax>172</ymax>
</bndbox>
</object>
<object>
<name>face</name>
<pose>Unspecified</pose>
<truncated>1</truncated>
<difficult>0</difficult>
<bndbox>
<xmin>232</xmin>
<ymin>32</ymin>
<xmax>273</xmax>
<ymax>89</ymax>
</bndbox>
</object>
<object>
<name>face</name>
<pose>Unspecified</pose>
<truncated>1</truncated>
<difficult>0</difficult>
<bndbox>
<xmin>232</xmin>
<ymin>32</ymin>
<xmax>273</xmax>
<ymax>89</ymax>
</bndbox>
</object>
<object>
<name>face</name>
<pose>Unspecified</pose>
<truncated>1</truncated>
<difficult>0</difficult>
<bndbox>
<xmin>287</xmin>
<ymin>0</ymin>
<xmax>368</xmax>
<ymax>127</ymax>
</bndbox>
</object>
</annotation>
