<?xml version="1.0" ?>
<annotation>
<folder>fddb</folder>
<filename>2002_07_26_big_img_267.jpg</filename>
<source>
<database>fddb Database</database>
<annotation>PASCAL VOC2007</annotation>
<image>flickr</image>
<flickrid>-1</flickrid>
</source>
<owner>
<flickrid>yanyu</flickrid>
<name>yanyu</name>
</owner>
<size>
<width>339</width>
<height>450</height>
<depth>3</depth>
</size>
<segmented>0</segmented>
<object>
<name>face</name>
<pose>Unspecified</pose>
<truncated>1</truncated>
<difficult>0</difficult>
<bndbox>
<xmin>129</xmin>
<ymin>87</ymin>
<xmax>230</xmax>
<ymax>224</ymax>
</bndbox>
</object>
<object>
<name>face</name>
<pose>Unspecified</pose>
<truncated>1</truncated>
<difficult>0</difficult>
<bndbox>
<xmin>129</xmin>
<ymin>87</ymin>
<xmax>230</xmax>
<ymax>224</ymax>
</bndbox>
</object>
</annotation>
