<?xml version="1.0" ?>
<annotation>
<folder>fddb</folder>
<filename>2002_07_27_big_img_970.jpg</filename>
<source>
<database>fddb Database</database>
<annotation>PASCAL VOC2007</annotation>
<image>flickr</image>
<flickrid>-1</flickrid>
</source>
<owner>
<flickrid>yanyu</flickrid>
<name>yanyu</name>
</owner>
<size>
<width>450</width>
<height>295</height>
<depth>3</depth>
</size>
<segmented>0</segmented>
<object>
<name>face</name>
<pose>Unspecified</pose>
<truncated>1</truncated>
<difficult>0</difficult>
<bndbox>
<xmin>97</xmin>
<ymin>15</ymin>
<xmax>188</xmax>
<ymax>134</ymax>
</bndbox>
</object>
<object>
<name>face</name>
<pose>Unspecified</pose>
<truncated>1</truncated>
<difficult>0</difficult>
<bndbox>
<xmin>97</xmin>
<ymin>15</ymin>
<xmax>188</xmax>
<ymax>134</ymax>
</bndbox>
</object>
<object>
<name>face</name>
<pose>Unspecified</pose>
<truncated>1</truncated>
<difficult>0</difficult>
<bndbox>
<xmin>301</xmin>
<ymin>19</ymin>
<xmax>396</xmax>
<ymax>144</ymax>
</bndbox>
</object>
<object>
<name>face</name>
<pose>Unspecified</pose>
<truncated>1</truncated>
<difficult>0</difficult>
<bndbox>
<xmin>301</xmin>
<ymin>19</ymin>
<xmax>396</xmax>
<ymax>144</ymax>
</bndbox>
</object>
</annotation>
