<?xml version="1.0" ?>
<annotation>
<folder>fddb</folder>
<filename>2002_07_31_big_img_742.jpg</filename>
<source>
<database>fddb Database</database>
<annotation>PASCAL VOC2007</annotation>
<image>flickr</image>
<flickrid>-1</flickrid>
</source>
<owner>
<flickrid>yanyu</flickrid>
<name>yanyu</name>
</owner>
<size>
<width>303</width>
<height>450</height>
<depth>3</depth>
</size>
<segmented>0</segmented>
<object>
<name>face</name>
<pose>Unspecified</pose>
<truncated>1</truncated>
<difficult>0</difficult>
<bndbox>
<xmin>47</xmin>
<ymin>20</ymin>
<xmax>208</xmax>
<ymax>253</ymax>
</bndbox>
</object>
<object>
<name>face</name>
<pose>Unspecified</pose>
<truncated>1</truncated>
<difficult>0</difficult>
<bndbox>
<xmin>47</xmin>
<ymin>20</ymin>
<xmax>208</xmax>
<ymax>253</ymax>
</bndbox>
</object>
<object>
<name>face</name>
<pose>Unspecified</pose>
<truncated>1</truncated>
<difficult>0</difficult>
<bndbox>
<xmin>230</xmin>
<ymin>295</ymin>
<xmax>245</xmax>
<ymax>316</ymax>
</bndbox>
</object>
<object>
<name>face</name>
<pose>Unspecified</pose>
<truncated>1</truncated>
<difficult>0</difficult>
<bndbox>
<xmin>230</xmin>
<ymin>295</ymin>
<xmax>245</xmax>
<ymax>316</ymax>
</bndbox>
</object>
</annotation>
