<?xml version="1.0" ?>
<annotation>
<folder>fddb</folder>
<filename>2002_08_15_big_img_871.jpg</filename>
<source>
<database>fddb Database</database>
<annotation>PASCAL VOC2007</annotation>
<image>flickr</image>
<flickrid>-1</flickrid>
</source>
<owner>
<flickrid>yanyu</flickrid>
<name>yanyu</name>
</owner>
<size>
<width>450</width>
<height>328</height>
<depth>3</depth>
</size>
<segmented>0</segmented>
<object>
<name>face</name>
<pose>Unspecified</pose>
<truncated>1</truncated>
<difficult>0</difficult>
<bndbox>
<xmin>48</xmin>
<ymin>62</ymin>
<xmax>83</xmax>
<ymax>117</ymax>
</bndbox>
</object>
<object>
<name>face</name>
<pose>Unspecified</pose>
<truncated>1</truncated>
<difficult>0</difficult>
<bndbox>
<xmin>48</xmin>
<ymin>62</ymin>
<xmax>83</xmax>
<ymax>117</ymax>
</bndbox>
</object>
<object>
<name>face</name>
<pose>Unspecified</pose>
<truncated>1</truncated>
<difficult>0</difficult>
<bndbox>
<xmin>156</xmin>
<ymin>35</ymin>
<xmax>225</xmax>
<ymax>140</ymax>
</bndbox>
</object>
<object>
<name>face</name>
<pose>Unspecified</pose>
<truncated>1</truncated>
<difficult>0</difficult>
<bndbox>
<xmin>156</xmin>
<ymin>35</ymin>
<xmax>225</xmax>
<ymax>140</ymax>
</bndbox>
</object>
<object>
<name>face</name>
<pose>Unspecified</pose>
<truncated>1</truncated>
<difficult>0</difficult>
<bndbox>
<xmin>222</xmin>
<ymin>96</ymin>
<xmax>239</xmax>
<ymax>121</ymax>
</bndbox>
</object>
<object>
<name>face</name>
<pose>Unspecified</pose>
<truncated>1</truncated>
<difficult>0</difficult>
<bndbox>
<xmin>222</xmin>
<ymin>96</ymin>
<xmax>239</xmax>
<ymax>121</ymax>
</bndbox>
</object>
<object>
<name>face</name>
<pose>Unspecified</pose>
<truncated>1</truncated>
<difficult>0</difficult>
<bndbox>
<xmin>258</xmin>
<ymin>43</ymin>
<xmax>303</xmax>
<ymax>114</ymax>
</bndbox>
</object>
<object>
<name>face</name>
<pose>Unspecified</pose>
<truncated>1</truncated>
<difficult>0</difficult>
<bndbox>
<xmin>258</xmin>
<ymin>43</ymin>
<xmax>303</xmax>
<ymax>114</ymax>
</bndbox>
</object>
<object>
<name>face</name>
<pose>Unspecified</pose>
<truncated>1</truncated>
<difficult>0</difficult>
<bndbox>
<xmin>333</xmin>
<ymin>75</ymin>
<xmax>370</xmax>
<ymax>128</ymax>
</bndbox>
</object>
<object>
<name>face</name>
<pose>Unspecified</pose>
<truncated>1</truncated>
<difficult>0</difficult>
<bndbox>
<xmin>333</xmin>
<ymin>75</ymin>
<xmax>370</xmax>
<ymax>128</ymax>
</bndbox>
</object>
<object>
<name>face</name>
<pose>Unspecified</pose>
<truncated>1</truncated>
<difficult>0</difficult>
<bndbox>
<xmin>378</xmin>
<ymin>15</ymin>
<xmax>450</xmax>
<ymax>136</ymax>
</bndbox>
</object>
</annotation>
