<?xml version="1.0" ?>
<annotation>
<folder>fddb</folder>
<filename>2002_07_23_big_img_392.jpg</filename>
<source>
<database>fddb Database</database>
<annotation>PASCAL VOC2007</annotation>
<image>flickr</image>
<flickrid>-1</flickrid>
</source>
<owner>
<flickrid>yanyu</flickrid>
<name>yanyu</name>
</owner>
<size>
<width>449</width>
<height>370</height>
<depth>3</depth>
</size>
<segmented>0</segmented>
<object>
<name>face</name>
<pose>Unspecified</pose>
<truncated>1</truncated>
<difficult>0</difficult>
<bndbox>
<xmin>157</xmin>
<ymin>46</ymin>
<xmax>284</xmax>
<ymax>253</ymax>
</bndbox>
</object>
<object>
<name>face</name>
<pose>Unspecified</pose>
<truncated>1</truncated>
<difficult>0</difficult>
<bndbox>
<xmin>157</xmin>
<ymin>46</ymin>
<xmax>284</xmax>
<ymax>253</ymax>
</bndbox>
</object>
<object>
<name>face</name>
<pose>Unspecified</pose>
<truncated>1</truncated>
<difficult>0</difficult>
<bndbox>
<xmin>308</xmin>
<ymin>11</ymin>
<xmax>431</xmax>
<ymax>170</ymax>
</bndbox>
</object>
<object>
<name>face</name>
<pose>Unspecified</pose>
<truncated>1</truncated>
<difficult>0</difficult>
<bndbox>
<xmin>308</xmin>
<ymin>11</ymin>
<xmax>431</xmax>
<ymax>170</ymax>
</bndbox>
</object>
<object>
<name>face</name>
<pose>Unspecified</pose>
<truncated>1</truncated>
<difficult>0</difficult>
<bndbox>
<xmin>27</xmin>
<ymin>93</ymin>
<xmax>132</xmax>
<ymax>248</ymax>
</bndbox>
</object>
<object>
<name>face</name>
<pose>Unspecified</pose>
<truncated>1</truncated>
<difficult>0</difficult>
<bndbox>
<xmin>27</xmin>
<ymin>93</ymin>
<xmax>132</xmax>
<ymax>248</ymax>
</bndbox>
</object>
</annotation>
