<?xml version="1.0" ?>
<annotation>
<folder>fddb</folder>
<filename>2002_08_11_big_img_276.jpg</filename>
<source>
<database>fddb Database</database>
<annotation>PASCAL VOC2007</annotation>
<image>flickr</image>
<flickrid>-1</flickrid>
</source>
<owner>
<flickrid>yanyu</flickrid>
<name>yanyu</name>
</owner>
<size>
<width>450</width>
<height>359</height>
<depth>3</depth>
</size>
<segmented>0</segmented>
<object>
<name>face</name>
<pose>Unspecified</pose>
<truncated>1</truncated>
<difficult>0</difficult>
<bndbox>
<xmin>231</xmin>
<ymin>17</ymin>
<xmax>337</xmax>
<ymax>192</ymax>
</bndbox>
</object>
<object>
<name>face</name>
<pose>Unspecified</pose>
<truncated>1</truncated>
<difficult>0</difficult>
<bndbox>
<xmin>231</xmin>
<ymin>17</ymin>
<xmax>338</xmax>
<ymax>192</ymax>
</bndbox>
</object>
</annotation>
