<?xml version="1.0" ?>
<annotation>
<folder>fddb</folder>
<filename>2002_08_21_big_img_643.jpg</filename>
<source>
<database>fddb Database</database>
<annotation>PASCAL VOC2007</annotation>
<image>flickr</image>
<flickrid>-1</flickrid>
</source>
<owner>
<flickrid>yanyu</flickrid>
<name>yanyu</name>
</owner>
<size>
<width>450</width>
<height>333</height>
<depth>3</depth>
</size>
<segmented>0</segmented>
<object>
<name>face</name>
<pose>Unspecified</pose>
<truncated>1</truncated>
<difficult>0</difficult>
<bndbox>
<xmin>118</xmin>
<ymin>111</ymin>
<xmax>179</xmax>
<ymax>206</ymax>
</bndbox>
</object>
<object>
<name>face</name>
<pose>Unspecified</pose>
<truncated>1</truncated>
<difficult>0</difficult>
<bndbox>
<xmin>118</xmin>
<ymin>111</ymin>
<xmax>179</xmax>
<ymax>206</ymax>
</bndbox>
</object>
<object>
<name>face</name>
<pose>Unspecified</pose>
<truncated>1</truncated>
<difficult>0</difficult>
<bndbox>
<xmin>257</xmin>
<ymin>124</ymin>
<xmax>328</xmax>
<ymax>223</ymax>
</bndbox>
</object>
<object>
<name>face</name>
<pose>Unspecified</pose>
<truncated>1</truncated>
<difficult>0</difficult>
<bndbox>
<xmin>257</xmin>
<ymin>124</ymin>
<xmax>328</xmax>
<ymax>223</ymax>
</bndbox>
</object>
</annotation>
