<?xml version="1.0" ?>
<annotation>
<folder>fddb</folder>
<filename>2002_08_28_big_img_19420.jpg</filename>
<source>
<database>fddb Database</database>
<annotation>PASCAL VOC2007</annotation>
<image>flickr</image>
<flickrid>-1</flickrid>
</source>
<owner>
<flickrid>yanyu</flickrid>
<name>yanyu</name>
</owner>
<size>
<width>450</width>
<height>304</height>
<depth>3</depth>
</size>
<segmented>0</segmented>
<object>
<name>face</name>
<pose>Unspecified</pose>
<truncated>1</truncated>
<difficult>0</difficult>
<bndbox>
<xmin>80</xmin>
<ymin>13</ymin>
<xmax>141</xmax>
<ymax>108</ymax>
</bndbox>
</object>
<object>
<name>face</name>
<pose>Unspecified</pose>
<truncated>1</truncated>
<difficult>0</difficult>
<bndbox>
<xmin>80</xmin>
<ymin>13</ymin>
<xmax>141</xmax>
<ymax>108</ymax>
</bndbox>
</object>
<object>
<name>face</name>
<pose>Unspecified</pose>
<truncated>1</truncated>
<difficult>0</difficult>
<bndbox>
<xmin>242</xmin>
<ymin>56</ymin>
<xmax>303</xmax>
<ymax>151</ymax>
</bndbox>
</object>
<object>
<name>face</name>
<pose>Unspecified</pose>
<truncated>1</truncated>
<difficult>0</difficult>
<bndbox>
<xmin>242</xmin>
<ymin>56</ymin>
<xmax>303</xmax>
<ymax>151</ymax>
</bndbox>
</object>
<object>
<name>face</name>
<pose>Unspecified</pose>
<truncated>1</truncated>
<difficult>0</difficult>
<bndbox>
<xmin>366</xmin>
<ymin>22</ymin>
<xmax>425</xmax>
<ymax>113</ymax>
</bndbox>
</object>
<object>
<name>face</name>
<pose>Unspecified</pose>
<truncated>1</truncated>
<difficult>0</difficult>
<bndbox>
<xmin>366</xmin>
<ymin>22</ymin>
<xmax>425</xmax>
<ymax>113</ymax>
</bndbox>
</object>
</annotation>
