<?xml version="1.0" ?>
<annotation>
<folder>fddb</folder>
<filename>2002_08_09_big_img_792.jpg</filename>
<source>
<database>fddb Database</database>
<annotation>PASCAL VOC2007</annotation>
<image>flickr</image>
<flickrid>-1</flickrid>
</source>
<owner>
<flickrid>yanyu</flickrid>
<name>yanyu</name>
</owner>
<size>
<width>450</width>
<height>359</height>
<depth>3</depth>
</size>
<segmented>0</segmented>
<object>
<name>face</name>
<pose>Unspecified</pose>
<truncated>1</truncated>
<difficult>0</difficult>
<bndbox>
<xmin>106</xmin>
<ymin>87</ymin>
<xmax>195</xmax>
<ymax>202</ymax>
</bndbox>
</object>
<object>
<name>face</name>
<pose>Unspecified</pose>
<truncated>1</truncated>
<difficult>0</difficult>
<bndbox>
<xmin>106</xmin>
<ymin>87</ymin>
<xmax>195</xmax>
<ymax>202</ymax>
</bndbox>
</object>
<object>
<name>face</name>
<pose>Unspecified</pose>
<truncated>1</truncated>
<difficult>0</difficult>
<bndbox>
<xmin>240</xmin>
<ymin>7</ymin>
<xmax>337</xmax>
<ymax>146</ymax>
</bndbox>
</object>
<object>
<name>face</name>
<pose>Unspecified</pose>
<truncated>1</truncated>
<difficult>0</difficult>
<bndbox>
<xmin>240</xmin>
<ymin>7</ymin>
<xmax>337</xmax>
<ymax>146</ymax>
</bndbox>
</object>
</annotation>
