<?xml version="1.0" ?>
<annotation>
<folder>fddb</folder>
<filename>2002_07_23_big_img_475.jpg</filename>
<source>
<database>fddb Database</database>
<annotation>PASCAL VOC2007</annotation>
<image>flickr</image>
<flickrid>-1</flickrid>
</source>
<owner>
<flickrid>yanyu</flickrid>
<name>yanyu</name>
</owner>
<size>
<width>450</width>
<height>317</height>
<depth>3</depth>
</size>
<segmented>0</segmented>
<object>
<name>face</name>
<pose>Unspecified</pose>
<truncated>1</truncated>
<difficult>0</difficult>
<bndbox>
<xmin>21</xmin>
<ymin>13</ymin>
<xmax>98</xmax>
<ymax>138</ymax>
</bndbox>
</object>
<object>
<name>face</name>
<pose>Unspecified</pose>
<truncated>1</truncated>
<difficult>0</difficult>
<bndbox>
<xmin>21</xmin>
<ymin>13</ymin>
<xmax>98</xmax>
<ymax>138</ymax>
</bndbox>
</object>
<object>
<name>face</name>
<pose>Unspecified</pose>
<truncated>1</truncated>
<difficult>0</difficult>
<bndbox>
<xmin>209</xmin>
<ymin>13</ymin>
<xmax>290</xmax>
<ymax>136</ymax>
</bndbox>
</object>
<object>
<name>face</name>
<pose>Unspecified</pose>
<truncated>1</truncated>
<difficult>0</difficult>
<bndbox>
<xmin>209</xmin>
<ymin>13</ymin>
<xmax>290</xmax>
<ymax>136</ymax>
</bndbox>
</object>
<object>
<name>face</name>
<pose>Unspecified</pose>
<truncated>1</truncated>
<difficult>0</difficult>
<bndbox>
<xmin>268</xmin>
<ymin>26</ymin>
<xmax>335</xmax>
<ymax>133</ymax>
</bndbox>
</object>
<object>
<name>face</name>
<pose>Unspecified</pose>
<truncated>1</truncated>
<difficult>0</difficult>
<bndbox>
<xmin>268</xmin>
<ymin>26</ymin>
<xmax>335</xmax>
<ymax>133</ymax>
</bndbox>
</object>
<object>
<name>face</name>
<pose>Unspecified</pose>
<truncated>1</truncated>
<difficult>0</difficult>
<bndbox>
<xmin>384</xmin>
<ymin>95</ymin>
<xmax>450</xmax>
<ymax>214</ymax>
</bndbox>
</object>
<object>
<name>face</name>
<pose>Unspecified</pose>
<truncated>1</truncated>
<difficult>0</difficult>
<bndbox>
<xmin>355</xmin>
<ymin>0</ymin>
<xmax>414</xmax>
<ymax>64</ymax>
</bndbox>
</object>
<object>
<name>face</name>
<pose>Unspecified</pose>
<truncated>1</truncated>
<difficult>0</difficult>
<bndbox>
<xmin>62</xmin>
<ymin>0</ymin>
<xmax>133</xmax>
<ymax>62</ymax>
</bndbox>
</object>
<object>
<name>face</name>
<pose>Unspecified</pose>
<truncated>1</truncated>
<difficult>0</difficult>
<bndbox>
<xmin>0</xmin>
<ymin>0</ymin>
<xmax>32</xmax>
<ymax>48</ymax>
</bndbox>
</object>
<object>
<name>face</name>
<pose>Unspecified</pose>
<truncated>1</truncated>
<difficult>0</difficult>
<bndbox>
<xmin>131</xmin>
<ymin>2</ymin>
<xmax>182</xmax>
<ymax>73</ymax>
</bndbox>
</object>
<object>
<name>face</name>
<pose>Unspecified</pose>
<truncated>1</truncated>
<difficult>0</difficult>
<bndbox>
<xmin>131</xmin>
<ymin>2</ymin>
<xmax>182</xmax>
<ymax>73</ymax>
</bndbox>
</object>
<object>
<name>face</name>
<pose>Unspecified</pose>
<truncated>1</truncated>
<difficult>0</difficult>
<bndbox>
<xmin>406</xmin>
<ymin>4</ymin>
<xmax>450</xmax>
<ymax>69</ymax>
</bndbox>
</object>
</annotation>
