<?xml version="1.0" ?>
<annotation>
<folder>fddb</folder>
<filename>2002_09_02_big_img_15067.jpg</filename>
<source>
<database>fddb Database</database>
<annotation>PASCAL VOC2007</annotation>
<image>flickr</image>
<flickrid>-1</flickrid>
</source>
<owner>
<flickrid>yanyu</flickrid>
<name>yanyu</name>
</owner>
<size>
<width>327</width>
<height>450</height>
<depth>3</depth>
</size>
<segmented>0</segmented>
<object>
<name>face</name>
<pose>Unspecified</pose>
<truncated>1</truncated>
<difficult>0</difficult>
<bndbox>
<xmin>85</xmin>
<ymin>59</ymin>
<xmax>186</xmax>
<ymax>200</ymax>
</bndbox>
</object>
<object>
<name>face</name>
<pose>Unspecified</pose>
<truncated>1</truncated>
<difficult>0</difficult>
<bndbox>
<xmin>85</xmin>
<ymin>59</ymin>
<xmax>186</xmax>
<ymax>200</ymax>
</bndbox>
</object>
<object>
<name>face</name>
<pose>Unspecified</pose>
<truncated>1</truncated>
<difficult>0</difficult>
<bndbox>
<xmin>288</xmin>
<ymin>15</ymin>
<xmax>327</xmax>
<ymax>82</ymax>
</bndbox>
</object>
</annotation>
