<?xml version="1.0" ?>
<annotation>
<folder>fddb</folder>
<filename>2002_08_13_big_img_1095.jpg</filename>
<source>
<database>fddb Database</database>
<annotation>PASCAL VOC2007</annotation>
<image>flickr</image>
<flickrid>-1</flickrid>
</source>
<owner>
<flickrid>yanyu</flickrid>
<name>yanyu</name>
</owner>
<size>
<width>399</width>
<height>450</height>
<depth>3</depth>
</size>
<segmented>0</segmented>
<object>
<name>face</name>
<pose>Unspecified</pose>
<truncated>1</truncated>
<difficult>0</difficult>
<bndbox>
<xmin>141</xmin>
<ymin>217</ymin>
<xmax>206</xmax>
<ymax>310</ymax>
</bndbox>
</object>
<object>
<name>face</name>
<pose>Unspecified</pose>
<truncated>1</truncated>
<difficult>0</difficult>
<bndbox>
<xmin>141</xmin>
<ymin>217</ymin>
<xmax>206</xmax>
<ymax>310</ymax>
</bndbox>
</object>
<object>
<name>face</name>
<pose>Unspecified</pose>
<truncated>1</truncated>
<difficult>0</difficult>
<bndbox>
<xmin>261</xmin>
<ymin>220</ymin>
<xmax>332</xmax>
<ymax>317</ymax>
</bndbox>
</object>
<object>
<name>face</name>
<pose>Unspecified</pose>
<truncated>1</truncated>
<difficult>0</difficult>
<bndbox>
<xmin>261</xmin>
<ymin>220</ymin>
<xmax>332</xmax>
<ymax>317</ymax>
</bndbox>
</object>
<object>
<name>face</name>
<pose>Unspecified</pose>
<truncated>1</truncated>
<difficult>0</difficult>
<bndbox>
<xmin>26</xmin>
<ymin>241</ymin>
<xmax>97</xmax>
<ymax>344</ymax>
</bndbox>
</object>
<object>
<name>face</name>
<pose>Unspecified</pose>
<truncated>1</truncated>
<difficult>0</difficult>
<bndbox>
<xmin>26</xmin>
<ymin>241</ymin>
<xmax>97</xmax>
<ymax>344</ymax>
</bndbox>
</object>
</annotation>
