<?xml version="1.0" ?>
<annotation>
<folder>fddb</folder>
<filename>2002_08_06_big_img_2668.jpg</filename>
<source>
<database>fddb Database</database>
<annotation>PASCAL VOC2007</annotation>
<image>flickr</image>
<flickrid>-1</flickrid>
</source>
<owner>
<flickrid>yanyu</flickrid>
<name>yanyu</name>
</owner>
<size>
<width>450</width>
<height>316</height>
<depth>3</depth>
</size>
<segmented>0</segmented>
<object>
<name>face</name>
<pose>Unspecified</pose>
<truncated>1</truncated>
<difficult>0</difficult>
<bndbox>
<xmin>116</xmin>
<ymin>12</ymin>
<xmax>203</xmax>
<ymax>145</ymax>
</bndbox>
</object>
<object>
<name>face</name>
<pose>Unspecified</pose>
<truncated>1</truncated>
<difficult>0</difficult>
<bndbox>
<xmin>116</xmin>
<ymin>12</ymin>
<xmax>203</xmax>
<ymax>145</ymax>
</bndbox>
</object>
<object>
<name>face</name>
<pose>Unspecified</pose>
<truncated>1</truncated>
<difficult>0</difficult>
<bndbox>
<xmin>165</xmin>
<ymin>71</ymin>
<xmax>234</xmax>
<ymax>178</ymax>
</bndbox>
</object>
<object>
<name>face</name>
<pose>Unspecified</pose>
<truncated>1</truncated>
<difficult>0</difficult>
<bndbox>
<xmin>165</xmin>
<ymin>71</ymin>
<xmax>234</xmax>
<ymax>178</ymax>
</bndbox>
</object>
<object>
<name>face</name>
<pose>Unspecified</pose>
<truncated>1</truncated>
<difficult>0</difficult>
<bndbox>
<xmin>309</xmin>
<ymin>87</ymin>
<xmax>370</xmax>
<ymax>192</ymax>
</bndbox>
</object>
<object>
<name>face</name>
<pose>Unspecified</pose>
<truncated>1</truncated>
<difficult>0</difficult>
<bndbox>
<xmin>309</xmin>
<ymin>87</ymin>
<xmax>370</xmax>
<ymax>192</ymax>
</bndbox>
</object>
<object>
<name>face</name>
<pose>Unspecified</pose>
<truncated>1</truncated>
<difficult>0</difficult>
<bndbox>
<xmin>417</xmin>
<ymin>140</ymin>
<xmax>448</xmax>
<ymax>185</ymax>
</bndbox>
</object>
<object>
<name>face</name>
<pose>Unspecified</pose>
<truncated>1</truncated>
<difficult>0</difficult>
<bndbox>
<xmin>417</xmin>
<ymin>140</ymin>
<xmax>448</xmax>
<ymax>185</ymax>
</bndbox>
</object>
</annotation>
