<?xml version="1.0" ?>
<annotation>
<folder>fddb</folder>
<filename>2002_08_09_big_img_224.jpg</filename>
<source>
<database>fddb Database</database>
<annotation>PASCAL VOC2007</annotation>
<image>flickr</image>
<flickrid>-1</flickrid>
</source>
<owner>
<flickrid>yanyu</flickrid>
<name>yanyu</name>
</owner>
<size>
<width>450</width>
<height>401</height>
<depth>3</depth>
</size>
<segmented>0</segmented>
<object>
<name>face</name>
<pose>Unspecified</pose>
<truncated>1</truncated>
<difficult>0</difficult>
<bndbox>
<xmin>192</xmin>
<ymin>30</ymin>
<xmax>267</xmax>
<ymax>129</ymax>
</bndbox>
</object>
<object>
<name>face</name>
<pose>Unspecified</pose>
<truncated>1</truncated>
<difficult>0</difficult>
<bndbox>
<xmin>192</xmin>
<ymin>30</ymin>
<xmax>267</xmax>
<ymax>129</ymax>
</bndbox>
</object>
<object>
<name>face</name>
<pose>Unspecified</pose>
<truncated>1</truncated>
<difficult>0</difficult>
<bndbox>
<xmin>141</xmin>
<ymin>137</ymin>
<xmax>174</xmax>
<ymax>186</ymax>
</bndbox>
</object>
<object>
<name>face</name>
<pose>Unspecified</pose>
<truncated>1</truncated>
<difficult>0</difficult>
<bndbox>
<xmin>141</xmin>
<ymin>137</ymin>
<xmax>174</xmax>
<ymax>186</ymax>
</bndbox>
</object>
</annotation>
