<?xml version="1.0" ?>
<annotation>
<folder>fddb</folder>
<filename>2002_09_01_big_img_16990.jpg</filename>
<source>
<database>fddb Database</database>
<annotation>PASCAL VOC2007</annotation>
<image>flickr</image>
<flickrid>-1</flickrid>
</source>
<owner>
<flickrid>yanyu</flickrid>
<name>yanyu</name>
</owner>
<size>
<width>377</width>
<height>449</height>
<depth>3</depth>
</size>
<segmented>0</segmented>
<object>
<name>face</name>
<pose>Unspecified</pose>
<truncated>1</truncated>
<difficult>0</difficult>
<bndbox>
<xmin>154</xmin>
<ymin>27</ymin>
<xmax>305</xmax>
<ymax>258</ymax>
</bndbox>
</object>
<object>
<name>face</name>
<pose>Unspecified</pose>
<truncated>1</truncated>
<difficult>0</difficult>
<bndbox>
<xmin>154</xmin>
<ymin>27</ymin>
<xmax>305</xmax>
<ymax>258</ymax>
</bndbox>
</object>
</annotation>
