<?xml version="1.0" ?>
<annotation>
<folder>fddb</folder>
<filename>2002_08_08_big_img_471.jpg</filename>
<source>
<database>fddb Database</database>
<annotation>PASCAL VOC2007</annotation>
<image>flickr</image>
<flickrid>-1</flickrid>
</source>
<owner>
<flickrid>yanyu</flickrid>
<name>yanyu</name>
</owner>
<size>
<width>449</width>
<height>299</height>
<depth>3</depth>
</size>
<segmented>0</segmented>
<object>
<name>face</name>
<pose>Unspecified</pose>
<truncated>1</truncated>
<difficult>0</difficult>
<bndbox>
<xmin>6</xmin>
<ymin>0</ymin>
<xmax>197</xmax>
<ymax>287</ymax>
</bndbox>
</object>
<object>
<name>face</name>
<pose>Unspecified</pose>
<truncated>1</truncated>
<difficult>0</difficult>
<bndbox>
<xmin>6</xmin>
<ymin>0</ymin>
<xmax>197</xmax>
<ymax>287</ymax>
</bndbox>
</object>
<object>
<name>face</name>
<pose>Unspecified</pose>
<truncated>1</truncated>
<difficult>0</difficult>
<bndbox>
<xmin>409</xmin>
<ymin>0</ymin>
<xmax>449</xmax>
<ymax>97</ymax>
</bndbox>
</object>
<object>
<name>face</name>
<pose>Unspecified</pose>
<truncated>1</truncated>
<difficult>0</difficult>
<bndbox>
<xmin>224</xmin>
<ymin>0</ymin>
<xmax>449</xmax>
<ymax>291</ymax>
</bndbox>
</object>
</annotation>
