<?xml version="1.0" ?>
<annotation>
<folder>fddb</folder>
<filename>2002_07_30_big_img_9.jpg</filename>
<source>
<database>fddb Database</database>
<annotation>PASCAL VOC2007</annotation>
<image>flickr</image>
<flickrid>-1</flickrid>
</source>
<owner>
<flickrid>yanyu</flickrid>
<name>yanyu</name>
</owner>
<size>
<width>450</width>
<height>335</height>
<depth>3</depth>
</size>
<segmented>0</segmented>
<object>
<name>face</name>
<pose>Unspecified</pose>
<truncated>1</truncated>
<difficult>0</difficult>
<bndbox>
<xmin>131</xmin>
<ymin>35</ymin>
<xmax>198</xmax>
<ymax>146</ymax>
</bndbox>
</object>
<object>
<name>face</name>
<pose>Unspecified</pose>
<truncated>1</truncated>
<difficult>0</difficult>
<bndbox>
<xmin>131</xmin>
<ymin>35</ymin>
<xmax>198</xmax>
<ymax>146</ymax>
</bndbox>
</object>
<object>
<name>face</name>
<pose>Unspecified</pose>
<truncated>1</truncated>
<difficult>0</difficult>
<bndbox>
<xmin>284</xmin>
<ymin>27</ymin>
<xmax>351</xmax>
<ymax>128</ymax>
</bndbox>
</object>
<object>
<name>face</name>
<pose>Unspecified</pose>
<truncated>1</truncated>
<difficult>0</difficult>
<bndbox>
<xmin>284</xmin>
<ymin>27</ymin>
<xmax>351</xmax>
<ymax>128</ymax>
</bndbox>
</object>
</annotation>
