<?xml version="1.0" ?>
<annotation>
<folder>fddb</folder>
<filename>2002_08_06_big_img_2660.jpg</filename>
<source>
<database>fddb Database</database>
<annotation>PASCAL VOC2007</annotation>
<image>flickr</image>
<flickrid>-1</flickrid>
</source>
<owner>
<flickrid>yanyu</flickrid>
<name>yanyu</name>
</owner>
<size>
<width>450</width>
<height>295</height>
<depth>3</depth>
</size>
<segmented>0</segmented>
<object>
<name>face</name>
<pose>Unspecified</pose>
<truncated>1</truncated>
<difficult>0</difficult>
<bndbox>
<xmin>203</xmin>
<ymin>0</ymin>
<xmax>293</xmax>
<ymax>295</ymax>
</bndbox>
</object>
<object>
<name>face</name>
<pose>Unspecified</pose>
<truncated>1</truncated>
<difficult>0</difficult>
<bndbox>
<xmin>40</xmin>
<ymin>0</ymin>
<xmax>130</xmax>
<ymax>295</ymax>
</bndbox>
</object>
<object>
<name>face</name>
<pose>Unspecified</pose>
<truncated>1</truncated>
<difficult>0</difficult>
<bndbox>
<xmin>241</xmin>
<ymin>0</ymin>
<xmax>414</xmax>
<ymax>248</ymax>
</bndbox>
</object>
</annotation>
