<?xml version="1.0" ?>
<annotation>
<folder>fddb</folder>
<filename>2002_08_06_big_img_2390.jpg</filename>
<source>
<database>fddb Database</database>
<annotation>PASCAL VOC2007</annotation>
<image>flickr</image>
<flickrid>-1</flickrid>
</source>
<owner>
<flickrid>yanyu</flickrid>
<name>yanyu</name>
</owner>
<size>
<width>450</width>
<height>357</height>
<depth>3</depth>
</size>
<segmented>0</segmented>
<object>
<name>face</name>
<pose>Unspecified</pose>
<truncated>1</truncated>
<difficult>0</difficult>
<bndbox>
<xmin>108</xmin>
<ymin>14</ymin>
<xmax>181</xmax>
<ymax>131</ymax>
</bndbox>
</object>
<object>
<name>face</name>
<pose>Unspecified</pose>
<truncated>1</truncated>
<difficult>0</difficult>
<bndbox>
<xmin>108</xmin>
<ymin>14</ymin>
<xmax>181</xmax>
<ymax>131</ymax>
</bndbox>
</object>
<object>
<name>face</name>
<pose>Unspecified</pose>
<truncated>1</truncated>
<difficult>0</difficult>
<bndbox>
<xmin>286</xmin>
<ymin>61</ymin>
<xmax>359</xmax>
<ymax>172</ymax>
</bndbox>
</object>
<object>
<name>face</name>
<pose>Unspecified</pose>
<truncated>1</truncated>
<difficult>0</difficult>
<bndbox>
<xmin>286</xmin>
<ymin>61</ymin>
<xmax>359</xmax>
<ymax>172</ymax>
</bndbox>
</object>
</annotation>
