<?xml version="1.0" ?>
<annotation>
<folder>fddb</folder>
<filename>2002_08_25_big_img_671.jpg</filename>
<source>
<database>fddb Database</database>
<annotation>PASCAL VOC2007</annotation>
<image>flickr</image>
<flickrid>-1</flickrid>
</source>
<owner>
<flickrid>yanyu</flickrid>
<name>yanyu</name>
</owner>
<size>
<width>319</width>
<height>450</height>
<depth>3</depth>
</size>
<segmented>0</segmented>
<object>
<name>face</name>
<pose>Unspecified</pose>
<truncated>1</truncated>
<difficult>0</difficult>
<bndbox>
<xmin>117</xmin>
<ymin>11</ymin>
<xmax>206</xmax>
<ymax>158</ymax>
</bndbox>
</object>
<object>
<name>face</name>
<pose>Unspecified</pose>
<truncated>1</truncated>
<difficult>0</difficult>
<bndbox>
<xmin>117</xmin>
<ymin>11</ymin>
<xmax>206</xmax>
<ymax>158</ymax>
</bndbox>
</object>
<object>
<name>face</name>
<pose>Unspecified</pose>
<truncated>1</truncated>
<difficult>0</difficult>
<bndbox>
<xmin>214</xmin>
<ymin>63</ymin>
<xmax>253</xmax>
<ymax>122</ymax>
</bndbox>
</object>
<object>
<name>face</name>
<pose>Unspecified</pose>
<truncated>1</truncated>
<difficult>0</difficult>
<bndbox>
<xmin>214</xmin>
<ymin>63</ymin>
<xmax>253</xmax>
<ymax>122</ymax>
</bndbox>
</object>
<object>
<name>face</name>
<pose>Unspecified</pose>
<truncated>1</truncated>
<difficult>0</difficult>
<bndbox>
<xmin>33</xmin>
<ymin>86</ymin>
<xmax>90</xmax>
<ymax>169</ymax>
</bndbox>
</object>
<object>
<name>face</name>
<pose>Unspecified</pose>
<truncated>1</truncated>
<difficult>0</difficult>
<bndbox>
<xmin>33</xmin>
<ymin>86</ymin>
<xmax>90</xmax>
<ymax>169</ymax>
</bndbox>
</object>
</annotation>
