<?xml version="1.0" ?>
<annotation>
<folder>fddb</folder>
<filename>2002_08_31_big_img_17422.jpg</filename>
<source>
<database>fddb Database</database>
<annotation>PASCAL VOC2007</annotation>
<image>flickr</image>
<flickrid>-1</flickrid>
</source>
<owner>
<flickrid>yanyu</flickrid>
<name>yanyu</name>
</owner>
<size>
<width>450</width>
<height>337</height>
<depth>3</depth>
</size>
<segmented>0</segmented>
<object>
<name>face</name>
<pose>Unspecified</pose>
<truncated>1</truncated>
<difficult>0</difficult>
<bndbox>
<xmin>112</xmin>
<ymin>11</ymin>
<xmax>201</xmax>
<ymax>138</ymax>
</bndbox>
</object>
<object>
<name>face</name>
<pose>Unspecified</pose>
<truncated>1</truncated>
<difficult>0</difficult>
<bndbox>
<xmin>112</xmin>
<ymin>11</ymin>
<xmax>201</xmax>
<ymax>138</ymax>
</bndbox>
</object>
<object>
<name>face</name>
<pose>Unspecified</pose>
<truncated>1</truncated>
<difficult>0</difficult>
<bndbox>
<xmin>274</xmin>
<ymin>23</ymin>
<xmax>353</xmax>
<ymax>140</ymax>
</bndbox>
</object>
<object>
<name>face</name>
<pose>Unspecified</pose>
<truncated>1</truncated>
<difficult>0</difficult>
<bndbox>
<xmin>274</xmin>
<ymin>23</ymin>
<xmax>353</xmax>
<ymax>140</ymax>
</bndbox>
</object>
</annotation>
