<?xml version="1.0" ?>
<annotation>
<folder>fddb</folder>
<filename>2002_07_22_big_img_626.jpg</filename>
<source>
<database>fddb Database</database>
<annotation>PASCAL VOC2007</annotation>
<image>flickr</image>
<flickrid>-1</flickrid>
</source>
<owner>
<flickrid>yanyu</flickrid>
<name>yanyu</name>
</owner>
<size>
<width>450</width>
<height>348</height>
<depth>3</depth>
</size>
<segmented>0</segmented>
<object>
<name>face</name>
<pose>Unspecified</pose>
<truncated>1</truncated>
<difficult>0</difficult>
<bndbox>
<xmin>116</xmin>
<ymin>12</ymin>
<xmax>189</xmax>
<ymax>117</ymax>
</bndbox>
</object>
<object>
<name>face</name>
<pose>Unspecified</pose>
<truncated>1</truncated>
<difficult>0</difficult>
<bndbox>
<xmin>116</xmin>
<ymin>12</ymin>
<xmax>189</xmax>
<ymax>117</ymax>
</bndbox>
</object>
<object>
<name>face</name>
<pose>Unspecified</pose>
<truncated>1</truncated>
<difficult>0</difficult>
<bndbox>
<xmin>274</xmin>
<ymin>51</ymin>
<xmax>341</xmax>
<ymax>154</ymax>
</bndbox>
</object>
<object>
<name>face</name>
<pose>Unspecified</pose>
<truncated>1</truncated>
<difficult>0</difficult>
<bndbox>
<xmin>274</xmin>
<ymin>51</ymin>
<xmax>341</xmax>
<ymax>154</ymax>
</bndbox>
</object>
</annotation>
