<?xml version="1.0" ?>
<annotation>
<folder>fddb</folder>
<filename>2002_08_13_big_img_373.jpg</filename>
<source>
<database>fddb Database</database>
<annotation>PASCAL VOC2007</annotation>
<image>flickr</image>
<flickrid>-1</flickrid>
</source>
<owner>
<flickrid>yanyu</flickrid>
<name>yanyu</name>
</owner>
<size>
<width>326</width>
<height>449</height>
<depth>3</depth>
</size>
<segmented>0</segmented>
<object>
<name>face</name>
<pose>Unspecified</pose>
<truncated>1</truncated>
<difficult>0</difficult>
<bndbox>
<xmin>60</xmin>
<ymin>52</ymin>
<xmax>129</xmax>
<ymax>161</ymax>
</bndbox>
</object>
<object>
<name>face</name>
<pose>Unspecified</pose>
<truncated>1</truncated>
<difficult>0</difficult>
<bndbox>
<xmin>60</xmin>
<ymin>52</ymin>
<xmax>129</xmax>
<ymax>161</ymax>
</bndbox>
</object>
<object>
<name>face</name>
<pose>Unspecified</pose>
<truncated>1</truncated>
<difficult>0</difficult>
<bndbox>
<xmin>151</xmin>
<ymin>17</ymin>
<xmax>212</xmax>
<ymax>126</ymax>
</bndbox>
</object>
<object>
<name>face</name>
<pose>Unspecified</pose>
<truncated>1</truncated>
<difficult>0</difficult>
<bndbox>
<xmin>151</xmin>
<ymin>17</ymin>
<xmax>212</xmax>
<ymax>126</ymax>
</bndbox>
</object>
</annotation>
