<?xml version="1.0" ?>
<annotation>
<folder>fddb</folder>
<filename>2002_07_28_big_img_483.jpg</filename>
<source>
<database>fddb Database</database>
<annotation>PASCAL VOC2007</annotation>
<image>flickr</image>
<flickrid>-1</flickrid>
</source>
<owner>
<flickrid>yanyu</flickrid>
<name>yanyu</name>
</owner>
<size>
<width>372</width>
<height>450</height>
<depth>3</depth>
</size>
<segmented>0</segmented>
<object>
<name>face</name>
<pose>Unspecified</pose>
<truncated>1</truncated>
<difficult>0</difficult>
<bndbox>
<xmin>86</xmin>
<ymin>48</ymin>
<xmax>153</xmax>
<ymax>143</ymax>
</bndbox>
</object>
<object>
<name>face</name>
<pose>Unspecified</pose>
<truncated>1</truncated>
<difficult>0</difficult>
<bndbox>
<xmin>86</xmin>
<ymin>48</ymin>
<xmax>153</xmax>
<ymax>143</ymax>
</bndbox>
</object>
<object>
<name>face</name>
<pose>Unspecified</pose>
<truncated>1</truncated>
<difficult>0</difficult>
<bndbox>
<xmin>234</xmin>
<ymin>89</ymin>
<xmax>297</xmax>
<ymax>186</ymax>
</bndbox>
</object>
<object>
<name>face</name>
<pose>Unspecified</pose>
<truncated>1</truncated>
<difficult>0</difficult>
<bndbox>
<xmin>234</xmin>
<ymin>89</ymin>
<xmax>297</xmax>
<ymax>186</ymax>
</bndbox>
</object>
</annotation>
