<?xml version="1.0" ?>
<annotation>
<folder>fddb</folder>
<filename>2002_08_04_big_img_444.jpg</filename>
<source>
<database>fddb Database</database>
<annotation>PASCAL VOC2007</annotation>
<image>flickr</image>
<flickrid>-1</flickrid>
</source>
<owner>
<flickrid>yanyu</flickrid>
<name>yanyu</name>
</owner>
<size>
<width>450</width>
<height>367</height>
<depth>3</depth>
</size>
<segmented>0</segmented>
<object>
<name>face</name>
<pose>Unspecified</pose>
<truncated>1</truncated>
<difficult>0</difficult>
<bndbox>
<xmin>140</xmin>
<ymin>54</ymin>
<xmax>227</xmax>
<ymax>199</ymax>
</bndbox>
</object>
<object>
<name>face</name>
<pose>Unspecified</pose>
<truncated>1</truncated>
<difficult>0</difficult>
<bndbox>
<xmin>140</xmin>
<ymin>54</ymin>
<xmax>227</xmax>
<ymax>199</ymax>
</bndbox>
</object>
<object>
<name>face</name>
<pose>Unspecified</pose>
<truncated>1</truncated>
<difficult>0</difficult>
<bndbox>
<xmin>0</xmin>
<ymin>210</ymin>
<xmax>36</xmax>
<ymax>281</ymax>
</bndbox>
</object>
</annotation>
