<?xml version="1.0" ?>
<annotation>
<folder>fddb</folder>
<filename>2002_07_29_big_img_275.jpg</filename>
<source>
<database>fddb Database</database>
<annotation>PASCAL VOC2007</annotation>
<image>flickr</image>
<flickrid>-1</flickrid>
</source>
<owner>
<flickrid>yanyu</flickrid>
<name>yanyu</name>
</owner>
<size>
<width>437</width>
<height>450</height>
<depth>3</depth>
</size>
<segmented>0</segmented>
<object>
<name>face</name>
<pose>Unspecified</pose>
<truncated>1</truncated>
<difficult>0</difficult>
<bndbox>
<xmin>76</xmin>
<ymin>7</ymin>
<xmax>165</xmax>
<ymax>152</ymax>
</bndbox>
</object>
<object>
<name>face</name>
<pose>Unspecified</pose>
<truncated>1</truncated>
<difficult>0</difficult>
<bndbox>
<xmin>76</xmin>
<ymin>7</ymin>
<xmax>165</xmax>
<ymax>152</ymax>
</bndbox>
</object>
<object>
<name>face</name>
<pose>Unspecified</pose>
<truncated>1</truncated>
<difficult>0</difficult>
<bndbox>
<xmin>292</xmin>
<ymin>86</ymin>
<xmax>373</xmax>
<ymax>213</ymax>
</bndbox>
</object>
<object>
<name>face</name>
<pose>Unspecified</pose>
<truncated>1</truncated>
<difficult>0</difficult>
<bndbox>
<xmin>292</xmin>
<ymin>86</ymin>
<xmax>373</xmax>
<ymax>213</ymax>
</bndbox>
</object>
</annotation>
