<?xml version="1.0" ?>
<annotation>
<folder>fddb</folder>
<filename>2002_07_22_big_img_522.jpg</filename>
<source>
<database>fddb Database</database>
<annotation>PASCAL VOC2007</annotation>
<image>flickr</image>
<flickrid>-1</flickrid>
</source>
<owner>
<flickrid>yanyu</flickrid>
<name>yanyu</name>
</owner>
<size>
<width>308</width>
<height>450</height>
<depth>3</depth>
</size>
<segmented>0</segmented>
<object>
<name>face</name>
<pose>Unspecified</pose>
<truncated>1</truncated>
<difficult>0</difficult>
<bndbox>
<xmin>151</xmin>
<ymin>91</ymin>
<xmax>190</xmax>
<ymax>150</ymax>
</bndbox>
</object>
<object>
<name>face</name>
<pose>Unspecified</pose>
<truncated>1</truncated>
<difficult>0</difficult>
<bndbox>
<xmin>151</xmin>
<ymin>91</ymin>
<xmax>190</xmax>
<ymax>150</ymax>
</bndbox>
</object>
<object>
<name>face</name>
<pose>Unspecified</pose>
<truncated>1</truncated>
<difficult>0</difficult>
<bndbox>
<xmin>0</xmin>
<ymin>108</ymin>
<xmax>86</xmax>
<ymax>263</ymax>
</bndbox>
</object>
</annotation>
