<?xml version="1.0" ?>
<annotation>
<folder>fddb</folder>
<filename>2002_08_05_big_img_3392.jpg</filename>
<source>
<database>fddb Database</database>
<annotation>PASCAL VOC2007</annotation>
<image>flickr</image>
<flickrid>-1</flickrid>
</source>
<owner>
<flickrid>yanyu</flickrid>
<name>yanyu</name>
</owner>
<size>
<width>450</width>
<height>427</height>
<depth>3</depth>
</size>
<segmented>0</segmented>
<object>
<name>face</name>
<pose>Unspecified</pose>
<truncated>1</truncated>
<difficult>0</difficult>
<bndbox>
<xmin>87</xmin>
<ymin>38</ymin>
<xmax>252</xmax>
<ymax>265</ymax>
</bndbox>
</object>
<object>
<name>face</name>
<pose>Unspecified</pose>
<truncated>1</truncated>
<difficult>0</difficult>
<bndbox>
<xmin>87</xmin>
<ymin>38</ymin>
<xmax>252</xmax>
<ymax>265</ymax>
</bndbox>
</object>
<object>
<name>face</name>
<pose>Unspecified</pose>
<truncated>1</truncated>
<difficult>0</difficult>
<bndbox>
<xmin>258</xmin>
<ymin>18</ymin>
<xmax>361</xmax>
<ymax>159</ymax>
</bndbox>
</object>
<object>
<name>face</name>
<pose>Unspecified</pose>
<truncated>1</truncated>
<difficult>0</difficult>
<bndbox>
<xmin>258</xmin>
<ymin>18</ymin>
<xmax>361</xmax>
<ymax>159</ymax>
</bndbox>
</object>
<object>
<name>face</name>
<pose>Unspecified</pose>
<truncated>1</truncated>
<difficult>0</difficult>
<bndbox>
<xmin>236</xmin>
<ymin>69</ymin>
<xmax>301</xmax>
<ymax>170</ymax>
</bndbox>
</object>
<object>
<name>face</name>
<pose>Unspecified</pose>
<truncated>1</truncated>
<difficult>0</difficult>
<bndbox>
<xmin>236</xmin>
<ymin>69</ymin>
<xmax>301</xmax>
<ymax>170</ymax>
</bndbox>
</object>
<object>
<name>face</name>
<pose>Unspecified</pose>
<truncated>1</truncated>
<difficult>0</difficult>
<bndbox>
<xmin>0</xmin>
<ymin>149</ymin>
<xmax>51</xmax>
<ymax>220</ymax>
</bndbox>
</object>
<object>
<name>face</name>
<pose>Unspecified</pose>
<truncated>1</truncated>
<difficult>0</difficult>
<bndbox>
<xmin>0</xmin>
<ymin>149</ymin>
<xmax>51</xmax>
<ymax>220</ymax>
</bndbox>
</object>
</annotation>
