<?xml version="1.0" ?>
<annotation>
<folder>fddb</folder>
<filename>2002_08_21_big_img_399.jpg</filename>
<source>
<database>fddb Database</database>
<annotation>PASCAL VOC2007</annotation>
<image>flickr</image>
<flickrid>-1</flickrid>
</source>
<owner>
<flickrid>yanyu</flickrid>
<name>yanyu</name>
</owner>
<size>
<width>408</width>
<height>450</height>
<depth>3</depth>
</size>
<segmented>0</segmented>
<object>
<name>face</name>
<pose>Unspecified</pose>
<truncated>1</truncated>
<difficult>0</difficult>
<bndbox>
<xmin>83</xmin>
<ymin>29</ymin>
<xmax>146</xmax>
<ymax>116</ymax>
</bndbox>
</object>
<object>
<name>face</name>
<pose>Unspecified</pose>
<truncated>1</truncated>
<difficult>0</difficult>
<bndbox>
<xmin>83</xmin>
<ymin>29</ymin>
<xmax>146</xmax>
<ymax>116</ymax>
</bndbox>
</object>
<object>
<name>face</name>
<pose>Unspecified</pose>
<truncated>1</truncated>
<difficult>0</difficult>
<bndbox>
<xmin>204</xmin>
<ymin>72</ymin>
<xmax>267</xmax>
<ymax>167</ymax>
</bndbox>
</object>
<object>
<name>face</name>
<pose>Unspecified</pose>
<truncated>1</truncated>
<difficult>0</difficult>
<bndbox>
<xmin>204</xmin>
<ymin>72</ymin>
<xmax>267</xmax>
<ymax>167</ymax>
</bndbox>
</object>
</annotation>
