<?xml version="1.0" ?>
<annotation>
<folder>fddb</folder>
<filename>2002_08_20_big_img_120.jpg</filename>
<source>
<database>fddb Database</database>
<annotation>PASCAL VOC2007</annotation>
<image>flickr</image>
<flickrid>-1</flickrid>
</source>
<owner>
<flickrid>yanyu</flickrid>
<name>yanyu</name>
</owner>
<size>
<width>449</width>
<height>362</height>
<depth>3</depth>
</size>
<segmented>0</segmented>
<object>
<name>face</name>
<pose>Unspecified</pose>
<truncated>1</truncated>
<difficult>0</difficult>
<bndbox>
<xmin>29</xmin>
<ymin>184</ymin>
<xmax>44</xmax>
<ymax>203</ymax>
</bndbox>
</object>
<object>
<name>face</name>
<pose>Unspecified</pose>
<truncated>1</truncated>
<difficult>0</difficult>
<bndbox>
<xmin>29</xmin>
<ymin>184</ymin>
<xmax>44</xmax>
<ymax>203</ymax>
</bndbox>
</object>
<object>
<name>face</name>
<pose>Unspecified</pose>
<truncated>1</truncated>
<difficult>0</difficult>
<bndbox>
<xmin>198</xmin>
<ymin>71</ymin>
<xmax>261</xmax>
<ymax>158</ymax>
</bndbox>
</object>
<object>
<name>face</name>
<pose>Unspecified</pose>
<truncated>1</truncated>
<difficult>0</difficult>
<bndbox>
<xmin>198</xmin>
<ymin>71</ymin>
<xmax>261</xmax>
<ymax>158</ymax>
</bndbox>
</object>
<object>
<name>face</name>
<pose>Unspecified</pose>
<truncated>1</truncated>
<difficult>0</difficult>
<bndbox>
<xmin>98</xmin>
<ymin>173</ymin>
<xmax>111</xmax>
<ymax>190</ymax>
</bndbox>
</object>
<object>
<name>face</name>
<pose>Unspecified</pose>
<truncated>1</truncated>
<difficult>0</difficult>
<bndbox>
<xmin>98</xmin>
<ymin>173</ymin>
<xmax>111</xmax>
<ymax>190</ymax>
</bndbox>
</object>
</annotation>
