<?xml version="1.0" ?>
<annotation>
<folder>fddb</folder>
<filename>2002_07_27_big_img_185.jpg</filename>
<source>
<database>fddb Database</database>
<annotation>PASCAL VOC2007</annotation>
<image>flickr</image>
<flickrid>-1</flickrid>
</source>
<owner>
<flickrid>yanyu</flickrid>
<name>yanyu</name>
</owner>
<size>
<width>450</width>
<height>418</height>
<depth>3</depth>
</size>
<segmented>0</segmented>
<object>
<name>face</name>
<pose>Unspecified</pose>
<truncated>1</truncated>
<difficult>0</difficult>
<bndbox>
<xmin>82</xmin>
<ymin>170</ymin>
<xmax>143</xmax>
<ymax>269</ymax>
</bndbox>
</object>
<object>
<name>face</name>
<pose>Unspecified</pose>
<truncated>1</truncated>
<difficult>0</difficult>
<bndbox>
<xmin>82</xmin>
<ymin>170</ymin>
<xmax>143</xmax>
<ymax>269</ymax>
</bndbox>
</object>
<object>
<name>face</name>
<pose>Unspecified</pose>
<truncated>1</truncated>
<difficult>0</difficult>
<bndbox>
<xmin>227</xmin>
<ymin>80</ymin>
<xmax>288</xmax>
<ymax>173</ymax>
</bndbox>
</object>
<object>
<name>face</name>
<pose>Unspecified</pose>
<truncated>1</truncated>
<difficult>0</difficult>
<bndbox>
<xmin>227</xmin>
<ymin>80</ymin>
<xmax>288</xmax>
<ymax>173</ymax>
</bndbox>
</object>
<object>
<name>face</name>
<pose>Unspecified</pose>
<truncated>1</truncated>
<difficult>0</difficult>
<bndbox>
<xmin>145</xmin>
<ymin>34</ymin>
<xmax>210</xmax>
<ymax>109</ymax>
</bndbox>
</object>
<object>
<name>face</name>
<pose>Unspecified</pose>
<truncated>1</truncated>
<difficult>0</difficult>
<bndbox>
<xmin>145</xmin>
<ymin>34</ymin>
<xmax>210</xmax>
<ymax>109</ymax>
</bndbox>
</object>
</annotation>
