<?xml version="1.0" ?>
<annotation>
<folder>fddb</folder>
<filename>2002_07_31_big_img_411.jpg</filename>
<source>
<database>fddb Database</database>
<annotation>PASCAL VOC2007</annotation>
<image>flickr</image>
<flickrid>-1</flickrid>
</source>
<owner>
<flickrid>yanyu</flickrid>
<name>yanyu</name>
</owner>
<size>
<width>359</width>
<height>450</height>
<depth>3</depth>
</size>
<segmented>0</segmented>
<object>
<name>face</name>
<pose>Unspecified</pose>
<truncated>1</truncated>
<difficult>0</difficult>
<bndbox>
<xmin>51</xmin>
<ymin>71</ymin>
<xmax>114</xmax>
<ymax>160</ymax>
</bndbox>
</object>
<object>
<name>face</name>
<pose>Unspecified</pose>
<truncated>1</truncated>
<difficult>0</difficult>
<bndbox>
<xmin>51</xmin>
<ymin>71</ymin>
<xmax>114</xmax>
<ymax>160</ymax>
</bndbox>
</object>
<object>
<name>face</name>
<pose>Unspecified</pose>
<truncated>1</truncated>
<difficult>0</difficult>
<bndbox>
<xmin>131</xmin>
<ymin>19</ymin>
<xmax>198</xmax>
<ymax>130</ymax>
</bndbox>
</object>
<object>
<name>face</name>
<pose>Unspecified</pose>
<truncated>1</truncated>
<difficult>0</difficult>
<bndbox>
<xmin>131</xmin>
<ymin>19</ymin>
<xmax>198</xmax>
<ymax>130</ymax>
</bndbox>
</object>
<object>
<name>face</name>
<pose>Unspecified</pose>
<truncated>1</truncated>
<difficult>0</difficult>
<bndbox>
<xmin>249</xmin>
<ymin>49</ymin>
<xmax>310</xmax>
<ymax>140</ymax>
</bndbox>
</object>
<object>
<name>face</name>
<pose>Unspecified</pose>
<truncated>1</truncated>
<difficult>0</difficult>
<bndbox>
<xmin>249</xmin>
<ymin>49</ymin>
<xmax>310</xmax>
<ymax>140</ymax>
</bndbox>
</object>
</annotation>
