<?xml version="1.0" ?>
<annotation>
<folder>fddb</folder>
<filename>2002_07_21_big_img_233.jpg</filename>
<source>
<database>fddb Database</database>
<annotation>PASCAL VOC2007</annotation>
<image>flickr</image>
<flickrid>-1</flickrid>
</source>
<owner>
<flickrid>yanyu</flickrid>
<name>yanyu</name>
</owner>
<size>
<width>450</width>
<height>312</height>
<depth>3</depth>
</size>
<segmented>0</segmented>
<object>
<name>face</name>
<pose>Unspecified</pose>
<truncated>1</truncated>
<difficult>0</difficult>
<bndbox>
<xmin>294</xmin>
<ymin>98</ymin>
<xmax>385</xmax>
<ymax>213</ymax>
</bndbox>
</object>
<object>
<name>face</name>
<pose>Unspecified</pose>
<truncated>1</truncated>
<difficult>0</difficult>
<bndbox>
<xmin>294</xmin>
<ymin>98</ymin>
<xmax>385</xmax>
<ymax>213</ymax>
</bndbox>
</object>
<object>
<name>face</name>
<pose>Unspecified</pose>
<truncated>1</truncated>
<difficult>0</difficult>
<bndbox>
<xmin>264</xmin>
<ymin>26</ymin>
<xmax>305</xmax>
<ymax>85</ymax>
</bndbox>
</object>
<object>
<name>face</name>
<pose>Unspecified</pose>
<truncated>1</truncated>
<difficult>0</difficult>
<bndbox>
<xmin>264</xmin>
<ymin>26</ymin>
<xmax>305</xmax>
<ymax>85</ymax>
</bndbox>
</object>
</annotation>
