<?xml version="1.0" ?>
<annotation>
<folder>fddb</folder>
<filename>2002_09_02_big_img_15605.jpg</filename>
<source>
<database>fddb Database</database>
<annotation>PASCAL VOC2007</annotation>
<image>flickr</image>
<flickrid>-1</flickrid>
</source>
<owner>
<flickrid>yanyu</flickrid>
<name>yanyu</name>
</owner>
<size>
<width>326</width>
<height>449</height>
<depth>3</depth>
</size>
<segmented>0</segmented>
<object>
<name>face</name>
<pose>Unspecified</pose>
<truncated>1</truncated>
<difficult>0</difficult>
<bndbox>
<xmin>115</xmin>
<ymin>55</ymin>
<xmax>236</xmax>
<ymax>270</ymax>
</bndbox>
</object>
<object>
<name>face</name>
<pose>Unspecified</pose>
<truncated>1</truncated>
<difficult>0</difficult>
<bndbox>
<xmin>115</xmin>
<ymin>55</ymin>
<xmax>236</xmax>
<ymax>270</ymax>
</bndbox>
</object>
<object>
<name>face</name>
<pose>Unspecified</pose>
<truncated>1</truncated>
<difficult>0</difficult>
<bndbox>
<xmin>290</xmin>
<ymin>118</ymin>
<xmax>311</xmax>
<ymax>149</ymax>
</bndbox>
</object>
<object>
<name>face</name>
<pose>Unspecified</pose>
<truncated>1</truncated>
<difficult>0</difficult>
<bndbox>
<xmin>290</xmin>
<ymin>118</ymin>
<xmax>311</xmax>
<ymax>149</ymax>
</bndbox>
</object>
</annotation>
