<?xml version="1.0" ?>
<annotation>
<folder>fddb</folder>
<filename>2002_07_31_big_img_268.jpg</filename>
<source>
<database>fddb Database</database>
<annotation>PASCAL VOC2007</annotation>
<image>flickr</image>
<flickrid>-1</flickrid>
</source>
<owner>
<flickrid>yanyu</flickrid>
<name>yanyu</name>
</owner>
<size>
<width>450</width>
<height>382</height>
<depth>3</depth>
</size>
<segmented>0</segmented>
<object>
<name>face</name>
<pose>Unspecified</pose>
<truncated>1</truncated>
<difficult>0</difficult>
<bndbox>
<xmin>37</xmin>
<ymin>0</ymin>
<xmax>112</xmax>
<ymax>104</ymax>
</bndbox>
</object>
<object>
<name>face</name>
<pose>Unspecified</pose>
<truncated>1</truncated>
<difficult>0</difficult>
<bndbox>
<xmin>130</xmin>
<ymin>71</ymin>
<xmax>199</xmax>
<ymax>190</ymax>
</bndbox>
</object>
<object>
<name>face</name>
<pose>Unspecified</pose>
<truncated>1</truncated>
<difficult>0</difficult>
<bndbox>
<xmin>130</xmin>
<ymin>71</ymin>
<xmax>199</xmax>
<ymax>190</ymax>
</bndbox>
</object>
<object>
<name>face</name>
<pose>Unspecified</pose>
<truncated>1</truncated>
<difficult>0</difficult>
<bndbox>
<xmin>225</xmin>
<ymin>123</ymin>
<xmax>310</xmax>
<ymax>250</ymax>
</bndbox>
</object>
<object>
<name>face</name>
<pose>Unspecified</pose>
<truncated>1</truncated>
<difficult>0</difficult>
<bndbox>
<xmin>225</xmin>
<ymin>123</ymin>
<xmax>310</xmax>
<ymax>250</ymax>
</bndbox>
</object>
<object>
<name>face</name>
<pose>Unspecified</pose>
<truncated>1</truncated>
<difficult>0</difficult>
<bndbox>
<xmin>371</xmin>
<ymin>49</ymin>
<xmax>446</xmax>
<ymax>168</ymax>
</bndbox>
</object>
<object>
<name>face</name>
<pose>Unspecified</pose>
<truncated>1</truncated>
<difficult>0</difficult>
<bndbox>
<xmin>371</xmin>
<ymin>49</ymin>
<xmax>446</xmax>
<ymax>168</ymax>
</bndbox>
</object>
</annotation>
