<?xml version="1.0" ?>
<annotation>
<folder>fddb</folder>
<filename>2002_08_01_big_img_1452.jpg</filename>
<source>
<database>fddb Database</database>
<annotation>PASCAL VOC2007</annotation>
<image>flickr</image>
<flickrid>-1</flickrid>
</source>
<owner>
<flickrid>yanyu</flickrid>
<name>yanyu</name>
</owner>
<size>
<width>449</width>
<height>290</height>
<depth>3</depth>
</size>
<segmented>0</segmented>
<object>
<name>face</name>
<pose>Unspecified</pose>
<truncated>1</truncated>
<difficult>0</difficult>
<bndbox>
<xmin>0</xmin>
<ymin>0</ymin>
<xmax>73</xmax>
<ymax>109</ymax>
</bndbox>
</object>
<object>
<name>face</name>
<pose>Unspecified</pose>
<truncated>1</truncated>
<difficult>0</difficult>
<bndbox>
<xmin>0</xmin>
<ymin>0</ymin>
<xmax>27</xmax>
<ymax>26</ymax>
</bndbox>
</object>
<object>
<name>face</name>
<pose>Unspecified</pose>
<truncated>1</truncated>
<difficult>0</difficult>
<bndbox>
<xmin>104</xmin>
<ymin>110</ymin>
<xmax>139</xmax>
<ymax>149</ymax>
</bndbox>
</object>
<object>
<name>face</name>
<pose>Unspecified</pose>
<truncated>1</truncated>
<difficult>0</difficult>
<bndbox>
<xmin>104</xmin>
<ymin>110</ymin>
<xmax>139</xmax>
<ymax>149</ymax>
</bndbox>
</object>
<object>
<name>face</name>
<pose>Unspecified</pose>
<truncated>1</truncated>
<difficult>0</difficult>
<bndbox>
<xmin>242</xmin>
<ymin>60</ymin>
<xmax>273</xmax>
<ymax>105</ymax>
</bndbox>
</object>
<object>
<name>face</name>
<pose>Unspecified</pose>
<truncated>1</truncated>
<difficult>0</difficult>
<bndbox>
<xmin>242</xmin>
<ymin>60</ymin>
<xmax>273</xmax>
<ymax>105</ymax>
</bndbox>
</object>
<object>
<name>face</name>
<pose>Unspecified</pose>
<truncated>1</truncated>
<difficult>0</difficult>
<bndbox>
<xmin>272</xmin>
<ymin>85</ymin>
<xmax>297</xmax>
<ymax>122</ymax>
</bndbox>
</object>
<object>
<name>face</name>
<pose>Unspecified</pose>
<truncated>1</truncated>
<difficult>0</difficult>
<bndbox>
<xmin>272</xmin>
<ymin>85</ymin>
<xmax>297</xmax>
<ymax>122</ymax>
</bndbox>
</object>
<object>
<name>face</name>
<pose>Unspecified</pose>
<truncated>1</truncated>
<difficult>0</difficult>
<bndbox>
<xmin>299</xmin>
<ymin>71</ymin>
<xmax>342</xmax>
<ymax>122</ymax>
</bndbox>
</object>
<object>
<name>face</name>
<pose>Unspecified</pose>
<truncated>1</truncated>
<difficult>0</difficult>
<bndbox>
<xmin>299</xmin>
<ymin>71</ymin>
<xmax>342</xmax>
<ymax>122</ymax>
</bndbox>
</object>
</annotation>
