<?xml version="1.0" ?>
<annotation>
<folder>fddb</folder>
<filename>2002_07_29_big_img_415.jpg</filename>
<source>
<database>fddb Database</database>
<annotation>PASCAL VOC2007</annotation>
<image>flickr</image>
<flickrid>-1</flickrid>
</source>
<owner>
<flickrid>yanyu</flickrid>
<name>yanyu</name>
</owner>
<size>
<width>450</width>
<height>349</height>
<depth>3</depth>
</size>
<segmented>0</segmented>
<object>
<name>face</name>
<pose>Unspecified</pose>
<truncated>1</truncated>
<difficult>0</difficult>
<bndbox>
<xmin>249</xmin>
<ymin>28</ymin>
<xmax>398</xmax>
<ymax>243</ymax>
</bndbox>
</object>
<object>
<name>face</name>
<pose>Unspecified</pose>
<truncated>1</truncated>
<difficult>0</difficult>
<bndbox>
<xmin>249</xmin>
<ymin>28</ymin>
<xmax>398</xmax>
<ymax>243</ymax>
</bndbox>
</object>
</annotation>
