<?xml version="1.0" ?>
<annotation>
<folder>fddb</folder>
<filename>2002_08_28_big_img_19480.jpg</filename>
<source>
<database>fddb Database</database>
<annotation>PASCAL VOC2007</annotation>
<image>flickr</image>
<flickrid>-1</flickrid>
</source>
<owner>
<flickrid>yanyu</flickrid>
<name>yanyu</name>
</owner>
<size>
<width>450</width>
<height>325</height>
<depth>3</depth>
</size>
<segmented>0</segmented>
<object>
<name>face</name>
<pose>Unspecified</pose>
<truncated>1</truncated>
<difficult>0</difficult>
<bndbox>
<xmin>53</xmin>
<ymin>15</ymin>
<xmax>146</xmax>
<ymax>160</ymax>
</bndbox>
</object>
<object>
<name>face</name>
<pose>Unspecified</pose>
<truncated>1</truncated>
<difficult>0</difficult>
<bndbox>
<xmin>53</xmin>
<ymin>15</ymin>
<xmax>146</xmax>
<ymax>160</ymax>
</bndbox>
</object>
<object>
<name>face</name>
<pose>Unspecified</pose>
<truncated>1</truncated>
<difficult>0</difficult>
<bndbox>
<xmin>264</xmin>
<ymin>30</ymin>
<xmax>355</xmax>
<ymax>173</ymax>
</bndbox>
</object>
<object>
<name>face</name>
<pose>Unspecified</pose>
<truncated>1</truncated>
<difficult>0</difficult>
<bndbox>
<xmin>264</xmin>
<ymin>30</ymin>
<xmax>355</xmax>
<ymax>173</ymax>
</bndbox>
</object>
</annotation>
