<?xml version="1.0" ?>
<annotation>
<folder>fddb</folder>
<filename>2002_07_26_big_img_121.jpg</filename>
<source>
<database>fddb Database</database>
<annotation>PASCAL VOC2007</annotation>
<image>flickr</image>
<flickrid>-1</flickrid>
</source>
<owner>
<flickrid>yanyu</flickrid>
<name>yanyu</name>
</owner>
<size>
<width>450</width>
<height>380</height>
<depth>3</depth>
</size>
<segmented>0</segmented>
<object>
<name>face</name>
<pose>Unspecified</pose>
<truncated>1</truncated>
<difficult>0</difficult>
<bndbox>
<xmin>107</xmin>
<ymin>81</ymin>
<xmax>168</xmax>
<ymax>174</ymax>
</bndbox>
</object>
<object>
<name>face</name>
<pose>Unspecified</pose>
<truncated>1</truncated>
<difficult>0</difficult>
<bndbox>
<xmin>107</xmin>
<ymin>81</ymin>
<xmax>168</xmax>
<ymax>174</ymax>
</bndbox>
</object>
<object>
<name>face</name>
<pose>Unspecified</pose>
<truncated>1</truncated>
<difficult>0</difficult>
<bndbox>
<xmin>194</xmin>
<ymin>13</ymin>
<xmax>271</xmax>
<ymax>124</ymax>
</bndbox>
</object>
<object>
<name>face</name>
<pose>Unspecified</pose>
<truncated>1</truncated>
<difficult>0</difficult>
<bndbox>
<xmin>194</xmin>
<ymin>13</ymin>
<xmax>271</xmax>
<ymax>124</ymax>
</bndbox>
</object>
<object>
<name>face</name>
<pose>Unspecified</pose>
<truncated>1</truncated>
<difficult>0</difficult>
<bndbox>
<xmin>253</xmin>
<ymin>73</ymin>
<xmax>322</xmax>
<ymax>166</ymax>
</bndbox>
</object>
<object>
<name>face</name>
<pose>Unspecified</pose>
<truncated>1</truncated>
<difficult>0</difficult>
<bndbox>
<xmin>253</xmin>
<ymin>73</ymin>
<xmax>322</xmax>
<ymax>166</ymax>
</bndbox>
</object>
</annotation>
