<?xml version="1.0" ?>
<annotation>
<folder>fddb</folder>
<filename>2002_07_29_big_img_342.jpg</filename>
<source>
<database>fddb Database</database>
<annotation>PASCAL VOC2007</annotation>
<image>flickr</image>
<flickrid>-1</flickrid>
</source>
<owner>
<flickrid>yanyu</flickrid>
<name>yanyu</name>
</owner>
<size>
<width>450</width>
<height>335</height>
<depth>3</depth>
</size>
<segmented>0</segmented>
<object>
<name>face</name>
<pose>Unspecified</pose>
<truncated>1</truncated>
<difficult>0</difficult>
<bndbox>
<xmin>12</xmin>
<ymin>99</ymin>
<xmax>115</xmax>
<ymax>246</ymax>
</bndbox>
</object>
<object>
<name>face</name>
<pose>Unspecified</pose>
<truncated>1</truncated>
<difficult>0</difficult>
<bndbox>
<xmin>12</xmin>
<ymin>99</ymin>
<xmax>115</xmax>
<ymax>246</ymax>
</bndbox>
</object>
<object>
<name>face</name>
<pose>Unspecified</pose>
<truncated>1</truncated>
<difficult>0</difficult>
<bndbox>
<xmin>137</xmin>
<ymin>23</ymin>
<xmax>216</xmax>
<ymax>146</ymax>
</bndbox>
</object>
<object>
<name>face</name>
<pose>Unspecified</pose>
<truncated>1</truncated>
<difficult>0</difficult>
<bndbox>
<xmin>137</xmin>
<ymin>23</ymin>
<xmax>216</xmax>
<ymax>146</ymax>
</bndbox>
</object>
<object>
<name>face</name>
<pose>Unspecified</pose>
<truncated>1</truncated>
<difficult>0</difficult>
<bndbox>
<xmin>291</xmin>
<ymin>119</ymin>
<xmax>356</xmax>
<ymax>218</ymax>
</bndbox>
</object>
<object>
<name>face</name>
<pose>Unspecified</pose>
<truncated>1</truncated>
<difficult>0</difficult>
<bndbox>
<xmin>291</xmin>
<ymin>119</ymin>
<xmax>356</xmax>
<ymax>218</ymax>
</bndbox>
</object>
<object>
<name>face</name>
<pose>Unspecified</pose>
<truncated>1</truncated>
<difficult>0</difficult>
<bndbox>
<xmin>370</xmin>
<ymin>19</ymin>
<xmax>433</xmax>
<ymax>116</ymax>
</bndbox>
</object>
<object>
<name>face</name>
<pose>Unspecified</pose>
<truncated>1</truncated>
<difficult>0</difficult>
<bndbox>
<xmin>370</xmin>
<ymin>19</ymin>
<xmax>433</xmax>
<ymax>116</ymax>
</bndbox>
</object>
</annotation>
