<?xml version="1.0" ?>
<annotation>
<folder>fddb</folder>
<filename>2002_08_01_big_img_1785.jpg</filename>
<source>
<database>fddb Database</database>
<annotation>PASCAL VOC2007</annotation>
<image>flickr</image>
<flickrid>-1</flickrid>
</source>
<owner>
<flickrid>yanyu</flickrid>
<name>yanyu</name>
</owner>
<size>
<width>450</width>
<height>343</height>
<depth>3</depth>
</size>
<segmented>0</segmented>
<object>
<name>face</name>
<pose>Unspecified</pose>
<truncated>1</truncated>
<difficult>0</difficult>
<bndbox>
<xmin>137</xmin>
<ymin>0</ymin>
<xmax>404</xmax>
<ymax>328</ymax>
</bndbox>
</object>
</annotation>
