<?xml version="1.0" ?>
<annotation>
<folder>fddb</folder>
<filename>2002_07_24_big_img_402.jpg</filename>
<source>
<database>fddb Database</database>
<annotation>PASCAL VOC2007</annotation>
<image>flickr</image>
<flickrid>-1</flickrid>
</source>
<owner>
<flickrid>yanyu</flickrid>
<name>yanyu</name>
</owner>
<size>
<width>450</width>
<height>311</height>
<depth>3</depth>
</size>
<segmented>0</segmented>
<object>
<name>face</name>
<pose>Unspecified</pose>
<truncated>1</truncated>
<difficult>0</difficult>
<bndbox>
<xmin>328</xmin>
<ymin>31</ymin>
<xmax>367</xmax>
<ymax>82</ymax>
</bndbox>
</object>
<object>
<name>face</name>
<pose>Unspecified</pose>
<truncated>1</truncated>
<difficult>0</difficult>
<bndbox>
<xmin>328</xmin>
<ymin>31</ymin>
<xmax>367</xmax>
<ymax>82</ymax>
</bndbox>
</object>
<object>
<name>face</name>
<pose>Unspecified</pose>
<truncated>1</truncated>
<difficult>0</difficult>
<bndbox>
<xmin>77</xmin>
<ymin>39</ymin>
<xmax>164</xmax>
<ymax>198</ymax>
</bndbox>
</object>
<object>
<name>face</name>
<pose>Unspecified</pose>
<truncated>1</truncated>
<difficult>0</difficult>
<bndbox>
<xmin>77</xmin>
<ymin>39</ymin>
<xmax>164</xmax>
<ymax>198</ymax>
</bndbox>
</object>
<object>
<name>face</name>
<pose>Unspecified</pose>
<truncated>1</truncated>
<difficult>0</difficult>
<bndbox>
<xmin>419</xmin>
<ymin>42</ymin>
<xmax>442</xmax>
<ymax>75</ymax>
</bndbox>
</object>
<object>
<name>face</name>
<pose>Unspecified</pose>
<truncated>1</truncated>
<difficult>0</difficult>
<bndbox>
<xmin>419</xmin>
<ymin>42</ymin>
<xmax>442</xmax>
<ymax>75</ymax>
</bndbox>
</object>
</annotation>
