<?xml version="1.0" ?>
<annotation>
<folder>fddb</folder>
<filename>2002_07_25_big_img_957.jpg</filename>
<source>
<database>fddb Database</database>
<annotation>PASCAL VOC2007</annotation>
<image>flickr</image>
<flickrid>-1</flickrid>
</source>
<owner>
<flickrid>yanyu</flickrid>
<name>yanyu</name>
</owner>
<size>
<width>311</width>
<height>450</height>
<depth>3</depth>
</size>
<segmented>0</segmented>
<object>
<name>face</name>
<pose>Unspecified</pose>
<truncated>1</truncated>
<difficult>0</difficult>
<bndbox>
<xmin>0</xmin>
<ymin>3</ymin>
<xmax>99</xmax>
<ymax>150</ymax>
</bndbox>
</object>
<object>
<name>face</name>
<pose>Unspecified</pose>
<truncated>1</truncated>
<difficult>0</difficult>
<bndbox>
<xmin>0</xmin>
<ymin>3</ymin>
<xmax>99</xmax>
<ymax>150</ymax>
</bndbox>
</object>
<object>
<name>face</name>
<pose>Unspecified</pose>
<truncated>1</truncated>
<difficult>0</difficult>
<bndbox>
<xmin>27</xmin>
<ymin>250</ymin>
<xmax>110</xmax>
<ymax>333</ymax>
</bndbox>
</object>
<object>
<name>face</name>
<pose>Unspecified</pose>
<truncated>1</truncated>
<difficult>0</difficult>
<bndbox>
<xmin>27</xmin>
<ymin>250</ymin>
<xmax>110</xmax>
<ymax>333</ymax>
</bndbox>
</object>
<object>
<name>face</name>
<pose>Unspecified</pose>
<truncated>1</truncated>
<difficult>0</difficult>
<bndbox>
<xmin>119</xmin>
<ymin>55</ymin>
<xmax>266</xmax>
<ymax>258</ymax>
</bndbox>
</object>
<object>
<name>face</name>
<pose>Unspecified</pose>
<truncated>1</truncated>
<difficult>0</difficult>
<bndbox>
<xmin>119</xmin>
<ymin>55</ymin>
<xmax>266</xmax>
<ymax>258</ymax>
</bndbox>
</object>
<object>
<name>face</name>
<pose>Unspecified</pose>
<truncated>1</truncated>
<difficult>0</difficult>
<bndbox>
<xmin>101</xmin>
<ymin>0</ymin>
<xmax>184</xmax>
<ymax>83</ymax>
</bndbox>
</object>
</annotation>
