<?xml version="1.0" ?>
<annotation>
<folder>fddb</folder>
<filename>2002_08_26_big_img_5.jpg</filename>
<source>
<database>fddb Database</database>
<annotation>PASCAL VOC2007</annotation>
<image>flickr</image>
<flickrid>-1</flickrid>
</source>
<owner>
<flickrid>yanyu</flickrid>
<name>yanyu</name>
</owner>
<size>
<width>348</width>
<height>450</height>
<depth>3</depth>
</size>
<segmented>0</segmented>
<object>
<name>face</name>
<pose>Unspecified</pose>
<truncated>1</truncated>
<difficult>0</difficult>
<bndbox>
<xmin>140</xmin>
<ymin>51</ymin>
<xmax>205</xmax>
<ymax>148</ymax>
</bndbox>
</object>
<object>
<name>face</name>
<pose>Unspecified</pose>
<truncated>1</truncated>
<difficult>0</difficult>
<bndbox>
<xmin>140</xmin>
<ymin>51</ymin>
<xmax>205</xmax>
<ymax>148</ymax>
</bndbox>
</object>
<object>
<name>face</name>
<pose>Unspecified</pose>
<truncated>1</truncated>
<difficult>0</difficult>
<bndbox>
<xmin>0</xmin>
<ymin>170</ymin>
<xmax>33</xmax>
<ymax>227</ymax>
</bndbox>
</object>
<object>
<name>face</name>
<pose>Unspecified</pose>
<truncated>1</truncated>
<difficult>0</difficult>
<bndbox>
<xmin>39</xmin>
<ymin>188</ymin>
<xmax>74</xmax>
<ymax>243</ymax>
</bndbox>
</object>
<object>
<name>face</name>
<pose>Unspecified</pose>
<truncated>1</truncated>
<difficult>0</difficult>
<bndbox>
<xmin>39</xmin>
<ymin>188</ymin>
<xmax>74</xmax>
<ymax>243</ymax>
</bndbox>
</object>
<object>
<name>face</name>
<pose>Unspecified</pose>
<truncated>1</truncated>
<difficult>0</difficult>
<bndbox>
<xmin>41</xmin>
<ymin>101</ymin>
<xmax>80</xmax>
<ymax>154</ymax>
</bndbox>
</object>
<object>
<name>face</name>
<pose>Unspecified</pose>
<truncated>1</truncated>
<difficult>0</difficult>
<bndbox>
<xmin>41</xmin>
<ymin>101</ymin>
<xmax>80</xmax>
<ymax>154</ymax>
</bndbox>
</object>
<object>
<name>face</name>
<pose>Unspecified</pose>
<truncated>1</truncated>
<difficult>0</difficult>
<bndbox>
<xmin>120</xmin>
<ymin>19</ymin>
<xmax>155</xmax>
<ymax>74</ymax>
</bndbox>
</object>
<object>
<name>face</name>
<pose>Unspecified</pose>
<truncated>1</truncated>
<difficult>0</difficult>
<bndbox>
<xmin>120</xmin>
<ymin>19</ymin>
<xmax>155</xmax>
<ymax>74</ymax>
</bndbox>
</object>
<object>
<name>face</name>
<pose>Unspecified</pose>
<truncated>1</truncated>
<difficult>0</difficult>
<bndbox>
<xmin>134</xmin>
<ymin>0</ymin>
<xmax>173</xmax>
<ymax>32</ymax>
</bndbox>
</object>
<object>
<name>face</name>
<pose>Unspecified</pose>
<truncated>1</truncated>
<difficult>0</difficult>
<bndbox>
<xmin>256</xmin>
<ymin>0</ymin>
<xmax>293</xmax>
<ymax>32</ymax>
</bndbox>
</object>
<object>
<name>face</name>
<pose>Unspecified</pose>
<truncated>1</truncated>
<difficult>0</difficult>
<bndbox>
<xmin>224</xmin>
<ymin>76</ymin>
<xmax>257</xmax>
<ymax>129</ymax>
</bndbox>
</object>
<object>
<name>face</name>
<pose>Unspecified</pose>
<truncated>1</truncated>
<difficult>0</difficult>
<bndbox>
<xmin>224</xmin>
<ymin>76</ymin>
<xmax>257</xmax>
<ymax>129</ymax>
</bndbox>
</object>
<object>
<name>face</name>
<pose>Unspecified</pose>
<truncated>1</truncated>
<difficult>0</difficult>
<bndbox>
<xmin>271</xmin>
<ymin>72</ymin>
<xmax>310</xmax>
<ymax>127</ymax>
</bndbox>
</object>
<object>
<name>face</name>
<pose>Unspecified</pose>
<truncated>1</truncated>
<difficult>0</difficult>
<bndbox>
<xmin>271</xmin>
<ymin>72</ymin>
<xmax>310</xmax>
<ymax>127</ymax>
</bndbox>
</object>
<object>
<name>face</name>
<pose>Unspecified</pose>
<truncated>1</truncated>
<difficult>0</difficult>
<bndbox>
<xmin>316</xmin>
<ymin>28</ymin>
<xmax>348</xmax>
<ymax>81</ymax>
</bndbox>
</object>
</annotation>
