<?xml version="1.0" ?>
<annotation>
<folder>fddb</folder>
<filename>2002_08_27_big_img_19919.jpg</filename>
<source>
<database>fddb Database</database>
<annotation>PASCAL VOC2007</annotation>
<image>flickr</image>
<flickrid>-1</flickrid>
</source>
<owner>
<flickrid>yanyu</flickrid>
<name>yanyu</name>
</owner>
<size>
<width>450</width>
<height>300</height>
<depth>3</depth>
</size>
<segmented>0</segmented>
<object>
<name>face</name>
<pose>Unspecified</pose>
<truncated>1</truncated>
<difficult>0</difficult>
<bndbox>
<xmin>51</xmin>
<ymin>27</ymin>
<xmax>116</xmax>
<ymax>120</ymax>
</bndbox>
</object>
<object>
<name>face</name>
<pose>Unspecified</pose>
<truncated>1</truncated>
<difficult>0</difficult>
<bndbox>
<xmin>51</xmin>
<ymin>27</ymin>
<xmax>116</xmax>
<ymax>120</ymax>
</bndbox>
</object>
<object>
<name>face</name>
<pose>Unspecified</pose>
<truncated>1</truncated>
<difficult>0</difficult>
<bndbox>
<xmin>198</xmin>
<ymin>41</ymin>
<xmax>259</xmax>
<ymax>136</ymax>
</bndbox>
</object>
<object>
<name>face</name>
<pose>Unspecified</pose>
<truncated>1</truncated>
<difficult>0</difficult>
<bndbox>
<xmin>198</xmin>
<ymin>41</ymin>
<xmax>259</xmax>
<ymax>136</ymax>
</bndbox>
</object>
<object>
<name>face</name>
<pose>Unspecified</pose>
<truncated>1</truncated>
<difficult>0</difficult>
<bndbox>
<xmin>348</xmin>
<ymin>32</ymin>
<xmax>411</xmax>
<ymax>129</ymax>
</bndbox>
</object>
<object>
<name>face</name>
<pose>Unspecified</pose>
<truncated>1</truncated>
<difficult>0</difficult>
<bndbox>
<xmin>348</xmin>
<ymin>32</ymin>
<xmax>411</xmax>
<ymax>129</ymax>
</bndbox>
</object>
</annotation>
