<?xml version="1.0" ?>
<annotation>
<folder>fddb</folder>
<filename>2002_08_16_big_img_637.jpg</filename>
<source>
<database>fddb Database</database>
<annotation>PASCAL VOC2007</annotation>
<image>flickr</image>
<flickrid>-1</flickrid>
</source>
<owner>
<flickrid>yanyu</flickrid>
<name>yanyu</name>
</owner>
<size>
<width>450</width>
<height>319</height>
<depth>3</depth>
</size>
<segmented>0</segmented>
<object>
<name>face</name>
<pose>Unspecified</pose>
<truncated>1</truncated>
<difficult>0</difficult>
<bndbox>
<xmin>193</xmin>
<ymin>18</ymin>
<xmax>278</xmax>
<ymax>155</ymax>
</bndbox>
</object>
<object>
<name>face</name>
<pose>Unspecified</pose>
<truncated>1</truncated>
<difficult>0</difficult>
<bndbox>
<xmin>193</xmin>
<ymin>18</ymin>
<xmax>278</xmax>
<ymax>155</ymax>
</bndbox>
</object>
<object>
<name>face</name>
<pose>Unspecified</pose>
<truncated>1</truncated>
<difficult>0</difficult>
<bndbox>
<xmin>447</xmin>
<ymin>0</ymin>
<xmax>450</xmax>
<ymax>7</ymax>
</bndbox>
</object>
<object>
<name>face</name>
<pose>Unspecified</pose>
<truncated>1</truncated>
<difficult>0</difficult>
<bndbox>
<xmin>412</xmin>
<ymin>0</ymin>
<xmax>450</xmax>
<ymax>50</ymax>
</bndbox>
</object>
</annotation>
