<?xml version="1.0" ?>
<annotation>
<folder>fddb</folder>
<filename>2002_08_12_big_img_296.jpg</filename>
<source>
<database>fddb Database</database>
<annotation>PASCAL VOC2007</annotation>
<image>flickr</image>
<flickrid>-1</flickrid>
</source>
<owner>
<flickrid>yanyu</flickrid>
<name>yanyu</name>
</owner>
<size>
<width>450</width>
<height>332</height>
<depth>3</depth>
</size>
<segmented>0</segmented>
<object>
<name>face</name>
<pose>Unspecified</pose>
<truncated>1</truncated>
<difficult>0</difficult>
<bndbox>
<xmin>76</xmin>
<ymin>24</ymin>
<xmax>187</xmax>
<ymax>177</ymax>
</bndbox>
</object>
<object>
<name>face</name>
<pose>Unspecified</pose>
<truncated>1</truncated>
<difficult>0</difficult>
<bndbox>
<xmin>76</xmin>
<ymin>24</ymin>
<xmax>187</xmax>
<ymax>177</ymax>
</bndbox>
</object>
<object>
<name>face</name>
<pose>Unspecified</pose>
<truncated>1</truncated>
<difficult>0</difficult>
<bndbox>
<xmin>279</xmin>
<ymin>25</ymin>
<xmax>390</xmax>
<ymax>186</ymax>
</bndbox>
</object>
<object>
<name>face</name>
<pose>Unspecified</pose>
<truncated>1</truncated>
<difficult>0</difficult>
<bndbox>
<xmin>279</xmin>
<ymin>25</ymin>
<xmax>390</xmax>
<ymax>186</ymax>
</bndbox>
</object>
<object>
<name>face</name>
<pose>Unspecified</pose>
<truncated>1</truncated>
<difficult>0</difficult>
<bndbox>
<xmin>239</xmin>
<ymin>59</ymin>
<xmax>322</xmax>
<ymax>184</ymax>
</bndbox>
</object>
<object>
<name>face</name>
<pose>Unspecified</pose>
<truncated>1</truncated>
<difficult>0</difficult>
<bndbox>
<xmin>239</xmin>
<ymin>59</ymin>
<xmax>322</xmax>
<ymax>184</ymax>
</bndbox>
</object>
</annotation>
