<?xml version="1.0" ?>
<annotation>
<folder>fddb</folder>
<filename>2002_07_20_big_img_109.jpg</filename>
<source>
<database>fddb Database</database>
<annotation>PASCAL VOC2007</annotation>
<image>flickr</image>
<flickrid>-1</flickrid>
</source>
<owner>
<flickrid>yanyu</flickrid>
<name>yanyu</name>
</owner>
<size>
<width>330</width>
<height>450</height>
<depth>3</depth>
</size>
<segmented>0</segmented>
<object>
<name>face</name>
<pose>Unspecified</pose>
<truncated>1</truncated>
<difficult>0</difficult>
<bndbox>
<xmin>107</xmin>
<ymin>108</ymin>
<xmax>184</xmax>
<ymax>229</ymax>
</bndbox>
</object>
<object>
<name>face</name>
<pose>Unspecified</pose>
<truncated>1</truncated>
<difficult>0</difficult>
<bndbox>
<xmin>107</xmin>
<ymin>108</ymin>
<xmax>184</xmax>
<ymax>229</ymax>
</bndbox>
</object>
<object>
<name>face</name>
<pose>Unspecified</pose>
<truncated>1</truncated>
<difficult>0</difficult>
<bndbox>
<xmin>218</xmin>
<ymin>51</ymin>
<xmax>313</xmax>
<ymax>148</ymax>
</bndbox>
</object>
<object>
<name>face</name>
<pose>Unspecified</pose>
<truncated>1</truncated>
<difficult>0</difficult>
<bndbox>
<xmin>218</xmin>
<ymin>51</ymin>
<xmax>313</xmax>
<ymax>148</ymax>
</bndbox>
</object>
</annotation>
