<?xml version="1.0" ?>
<annotation>
<folder>fddb</folder>
<filename>2002_08_22_big_img_176.jpg</filename>
<source>
<database>fddb Database</database>
<annotation>PASCAL VOC2007</annotation>
<image>flickr</image>
<flickrid>-1</flickrid>
</source>
<owner>
<flickrid>yanyu</flickrid>
<name>yanyu</name>
</owner>
<size>
<width>450</width>
<height>359</height>
<depth>3</depth>
</size>
<segmented>0</segmented>
<object>
<name>face</name>
<pose>Unspecified</pose>
<truncated>1</truncated>
<difficult>0</difficult>
<bndbox>
<xmin>107</xmin>
<ymin>48</ymin>
<xmax>182</xmax>
<ymax>167</ymax>
</bndbox>
</object>
<object>
<name>face</name>
<pose>Unspecified</pose>
<truncated>1</truncated>
<difficult>0</difficult>
<bndbox>
<xmin>107</xmin>
<ymin>48</ymin>
<xmax>182</xmax>
<ymax>167</ymax>
</bndbox>
</object>
<object>
<name>face</name>
<pose>Unspecified</pose>
<truncated>1</truncated>
<difficult>0</difficult>
<bndbox>
<xmin>156</xmin>
<ymin>75</ymin>
<xmax>219</xmax>
<ymax>172</ymax>
</bndbox>
</object>
<object>
<name>face</name>
<pose>Unspecified</pose>
<truncated>1</truncated>
<difficult>0</difficult>
<bndbox>
<xmin>156</xmin>
<ymin>75</ymin>
<xmax>219</xmax>
<ymax>172</ymax>
</bndbox>
</object>
<object>
<name>face</name>
<pose>Unspecified</pose>
<truncated>1</truncated>
<difficult>0</difficult>
<bndbox>
<xmin>278</xmin>
<ymin>21</ymin>
<xmax>343</xmax>
<ymax>130</ymax>
</bndbox>
</object>
<object>
<name>face</name>
<pose>Unspecified</pose>
<truncated>1</truncated>
<difficult>0</difficult>
<bndbox>
<xmin>278</xmin>
<ymin>21</ymin>
<xmax>343</xmax>
<ymax>130</ymax>
</bndbox>
</object>
</annotation>
