<?xml version="1.0" ?>
<annotation>
<folder>fddb</folder>
<filename>2002_07_31_big_img_138.jpg</filename>
<source>
<database>fddb Database</database>
<annotation>PASCAL VOC2007</annotation>
<image>flickr</image>
<flickrid>-1</flickrid>
</source>
<owner>
<flickrid>yanyu</flickrid>
<name>yanyu</name>
</owner>
<size>
<width>450</width>
<height>307</height>
<depth>3</depth>
</size>
<segmented>0</segmented>
<object>
<name>face</name>
<pose>Unspecified</pose>
<truncated>1</truncated>
<difficult>0</difficult>
<bndbox>
<xmin>190</xmin>
<ymin>80</ymin>
<xmax>273</xmax>
<ymax>205</ymax>
</bndbox>
</object>
<object>
<name>face</name>
<pose>Unspecified</pose>
<truncated>1</truncated>
<difficult>0</difficult>
<bndbox>
<xmin>190</xmin>
<ymin>80</ymin>
<xmax>273</xmax>
<ymax>205</ymax>
</bndbox>
</object>
<object>
<name>face</name>
<pose>Unspecified</pose>
<truncated>1</truncated>
<difficult>0</difficult>
<bndbox>
<xmin>256</xmin>
<ymin>57</ymin>
<xmax>325</xmax>
<ymax>160</ymax>
</bndbox>
</object>
<object>
<name>face</name>
<pose>Unspecified</pose>
<truncated>1</truncated>
<difficult>0</difficult>
<bndbox>
<xmin>256</xmin>
<ymin>57</ymin>
<xmax>325</xmax>
<ymax>160</ymax>
</bndbox>
</object>
<object>
<name>face</name>
<pose>Unspecified</pose>
<truncated>1</truncated>
<difficult>0</difficult>
<bndbox>
<xmin>305</xmin>
<ymin>19</ymin>
<xmax>376</xmax>
<ymax>134</ymax>
</bndbox>
</object>
<object>
<name>face</name>
<pose>Unspecified</pose>
<truncated>1</truncated>
<difficult>0</difficult>
<bndbox>
<xmin>305</xmin>
<ymin>19</ymin>
<xmax>376</xmax>
<ymax>134</ymax>
</bndbox>
</object>
</annotation>
