<?xml version="1.0" ?>
<annotation>
<folder>fddb</folder>
<filename>2002_08_15_big_img_963.jpg</filename>
<source>
<database>fddb Database</database>
<annotation>PASCAL VOC2007</annotation>
<image>flickr</image>
<flickrid>-1</flickrid>
</source>
<owner>
<flickrid>yanyu</flickrid>
<name>yanyu</name>
</owner>
<size>
<width>450</width>
<height>304</height>
<depth>3</depth>
</size>
<segmented>0</segmented>
<object>
<name>face</name>
<pose>Unspecified</pose>
<truncated>1</truncated>
<difficult>0</difficult>
<bndbox>
<xmin>132</xmin>
<ymin>22</ymin>
<xmax>219</xmax>
<ymax>159</ymax>
</bndbox>
</object>
<object>
<name>face</name>
<pose>Unspecified</pose>
<truncated>1</truncated>
<difficult>0</difficult>
<bndbox>
<xmin>132</xmin>
<ymin>22</ymin>
<xmax>219</xmax>
<ymax>159</ymax>
</bndbox>
</object>
<object>
<name>face</name>
<pose>Unspecified</pose>
<truncated>1</truncated>
<difficult>0</difficult>
<bndbox>
<xmin>283</xmin>
<ymin>31</ymin>
<xmax>364</xmax>
<ymax>172</ymax>
</bndbox>
</object>
<object>
<name>face</name>
<pose>Unspecified</pose>
<truncated>1</truncated>
<difficult>0</difficult>
<bndbox>
<xmin>283</xmin>
<ymin>31</ymin>
<xmax>364</xmax>
<ymax>172</ymax>
</bndbox>
</object>
</annotation>
