<?xml version="1.0" ?>
<annotation>
<folder>fddb</folder>
<filename>2002_08_08_big_img_561.jpg</filename>
<source>
<database>fddb Database</database>
<annotation>PASCAL VOC2007</annotation>
<image>flickr</image>
<flickrid>-1</flickrid>
</source>
<owner>
<flickrid>yanyu</flickrid>
<name>yanyu</name>
</owner>
<size>
<width>450</width>
<height>332</height>
<depth>3</depth>
</size>
<segmented>0</segmented>
<object>
<name>face</name>
<pose>Unspecified</pose>
<truncated>1</truncated>
<difficult>0</difficult>
<bndbox>
<xmin>276</xmin>
<ymin>43</ymin>
<xmax>333</xmax>
<ymax>136</ymax>
</bndbox>
</object>
<object>
<name>face</name>
<pose>Unspecified</pose>
<truncated>1</truncated>
<difficult>0</difficult>
<bndbox>
<xmin>276</xmin>
<ymin>43</ymin>
<xmax>333</xmax>
<ymax>136</ymax>
</bndbox>
</object>
</annotation>
