<?xml version="1.0" ?>
<annotation>
<folder>fddb</folder>
<filename>2002_08_17_big_img_312.jpg</filename>
<source>
<database>fddb Database</database>
<annotation>PASCAL VOC2007</annotation>
<image>flickr</image>
<flickrid>-1</flickrid>
</source>
<owner>
<flickrid>yanyu</flickrid>
<name>yanyu</name>
</owner>
<size>
<width>440</width>
<height>450</height>
<depth>3</depth>
</size>
<segmented>0</segmented>
<object>
<name>face</name>
<pose>Unspecified</pose>
<truncated>1</truncated>
<difficult>0</difficult>
<bndbox>
<xmin>182</xmin>
<ymin>0</ymin>
<xmax>259</xmax>
<ymax>124</ymax>
</bndbox>
</object>
<object>
<name>face</name>
<pose>Unspecified</pose>
<truncated>1</truncated>
<difficult>0</difficult>
<bndbox>
<xmin>363</xmin>
<ymin>32</ymin>
<xmax>428</xmax>
<ymax>147</ymax>
</bndbox>
</object>
<object>
<name>face</name>
<pose>Unspecified</pose>
<truncated>1</truncated>
<difficult>0</difficult>
<bndbox>
<xmin>363</xmin>
<ymin>32</ymin>
<xmax>428</xmax>
<ymax>147</ymax>
</bndbox>
</object>
<object>
<name>face</name>
<pose>Unspecified</pose>
<truncated>1</truncated>
<difficult>0</difficult>
<bndbox>
<xmin>69</xmin>
<ymin>97</ymin>
<xmax>162</xmax>
<ymax>216</ymax>
</bndbox>
</object>
<object>
<name>face</name>
<pose>Unspecified</pose>
<truncated>1</truncated>
<difficult>0</difficult>
<bndbox>
<xmin>69</xmin>
<ymin>97</ymin>
<xmax>162</xmax>
<ymax>216</ymax>
</bndbox>
</object>
</annotation>
