<?xml version="1.0" ?>
<annotation>
<folder>fddb</folder>
<filename>2002_08_02_big_img_1232.jpg</filename>
<source>
<database>fddb Database</database>
<annotation>PASCAL VOC2007</annotation>
<image>flickr</image>
<flickrid>-1</flickrid>
</source>
<owner>
<flickrid>yanyu</flickrid>
<name>yanyu</name>
</owner>
<size>
<width>319</width>
<height>450</height>
<depth>3</depth>
</size>
<segmented>0</segmented>
<object>
<name>face</name>
<pose>Unspecified</pose>
<truncated>1</truncated>
<difficult>0</difficult>
<bndbox>
<xmin>0</xmin>
<ymin>148</ymin>
<xmax>27</xmax>
<ymax>211</ymax>
</bndbox>
</object>
<object>
<name>face</name>
<pose>Unspecified</pose>
<truncated>1</truncated>
<difficult>0</difficult>
<bndbox>
<xmin>18</xmin>
<ymin>130</ymin>
<xmax>61</xmax>
<ymax>197</ymax>
</bndbox>
</object>
<object>
<name>face</name>
<pose>Unspecified</pose>
<truncated>1</truncated>
<difficult>0</difficult>
<bndbox>
<xmin>18</xmin>
<ymin>130</ymin>
<xmax>61</xmax>
<ymax>197</ymax>
</bndbox>
</object>
<object>
<name>face</name>
<pose>Unspecified</pose>
<truncated>1</truncated>
<difficult>0</difficult>
<bndbox>
<xmin>117</xmin>
<ymin>149</ymin>
<xmax>178</xmax>
<ymax>242</ymax>
</bndbox>
</object>
<object>
<name>face</name>
<pose>Unspecified</pose>
<truncated>1</truncated>
<difficult>0</difficult>
<bndbox>
<xmin>117</xmin>
<ymin>149</ymin>
<xmax>178</xmax>
<ymax>242</ymax>
</bndbox>
</object>
<object>
<name>face</name>
<pose>Unspecified</pose>
<truncated>1</truncated>
<difficult>0</difficult>
<bndbox>
<xmin>147</xmin>
<ymin>123</ymin>
<xmax>198</xmax>
<ymax>192</ymax>
</bndbox>
</object>
<object>
<name>face</name>
<pose>Unspecified</pose>
<truncated>1</truncated>
<difficult>0</difficult>
<bndbox>
<xmin>147</xmin>
<ymin>123</ymin>
<xmax>198</xmax>
<ymax>192</ymax>
</bndbox>
</object>
</annotation>
