<?xml version="1.0" ?>
<annotation>
<folder>fddb</folder>
<filename>2002_08_30_big_img_18297.jpg</filename>
<source>
<database>fddb Database</database>
<annotation>PASCAL VOC2007</annotation>
<image>flickr</image>
<flickrid>-1</flickrid>
</source>
<owner>
<flickrid>yanyu</flickrid>
<name>yanyu</name>
</owner>
<size>
<width>450</width>
<height>369</height>
<depth>3</depth>
</size>
<segmented>0</segmented>
<object>
<name>face</name>
<pose>Unspecified</pose>
<truncated>1</truncated>
<difficult>0</difficult>
<bndbox>
<xmin>63</xmin>
<ymin>8</ymin>
<xmax>156</xmax>
<ymax>163</ymax>
</bndbox>
</object>
<object>
<name>face</name>
<pose>Unspecified</pose>
<truncated>1</truncated>
<difficult>0</difficult>
<bndbox>
<xmin>63</xmin>
<ymin>8</ymin>
<xmax>156</xmax>
<ymax>163</ymax>
</bndbox>
</object>
<object>
<name>face</name>
<pose>Unspecified</pose>
<truncated>1</truncated>
<difficult>0</difficult>
<bndbox>
<xmin>200</xmin>
<ymin>20</ymin>
<xmax>273</xmax>
<ymax>129</ymax>
</bndbox>
</object>
<object>
<name>face</name>
<pose>Unspecified</pose>
<truncated>1</truncated>
<difficult>0</difficult>
<bndbox>
<xmin>200</xmin>
<ymin>20</ymin>
<xmax>273</xmax>
<ymax>129</ymax>
</bndbox>
</object>
<object>
<name>face</name>
<pose>Unspecified</pose>
<truncated>1</truncated>
<difficult>0</difficult>
<bndbox>
<xmin>266</xmin>
<ymin>18</ymin>
<xmax>363</xmax>
<ymax>171</ymax>
</bndbox>
</object>
<object>
<name>face</name>
<pose>Unspecified</pose>
<truncated>1</truncated>
<difficult>0</difficult>
<bndbox>
<xmin>266</xmin>
<ymin>18</ymin>
<xmax>363</xmax>
<ymax>171</ymax>
</bndbox>
</object>
</annotation>
