<?xml version="1.0" ?>
<annotation>
<folder>fddb</folder>
<filename>2002_09_01_big_img_16857.jpg</filename>
<source>
<database>fddb Database</database>
<annotation>PASCAL VOC2007</annotation>
<image>flickr</image>
<flickrid>-1</flickrid>
</source>
<owner>
<flickrid>yanyu</flickrid>
<name>yanyu</name>
</owner>
<size>
<width>450</width>
<height>305</height>
<depth>3</depth>
</size>
<segmented>0</segmented>
<object>
<name>face</name>
<pose>Unspecified</pose>
<truncated>1</truncated>
<difficult>0</difficult>
<bndbox>
<xmin>10</xmin>
<ymin>9</ymin>
<xmax>103</xmax>
<ymax>132</ymax>
</bndbox>
</object>
<object>
<name>face</name>
<pose>Unspecified</pose>
<truncated>1</truncated>
<difficult>0</difficult>
<bndbox>
<xmin>10</xmin>
<ymin>9</ymin>
<xmax>103</xmax>
<ymax>132</ymax>
</bndbox>
</object>
<object>
<name>face</name>
<pose>Unspecified</pose>
<truncated>1</truncated>
<difficult>0</difficult>
<bndbox>
<xmin>177</xmin>
<ymin>59</ymin>
<xmax>218</xmax>
<ymax>148</ymax>
</bndbox>
</object>
<object>
<name>face</name>
<pose>Unspecified</pose>
<truncated>1</truncated>
<difficult>0</difficult>
<bndbox>
<xmin>177</xmin>
<ymin>59</ymin>
<xmax>218</xmax>
<ymax>148</ymax>
</bndbox>
</object>
<object>
<name>face</name>
<pose>Unspecified</pose>
<truncated>1</truncated>
<difficult>0</difficult>
<bndbox>
<xmin>251</xmin>
<ymin>82</ymin>
<xmax>278</xmax>
<ymax>151</ymax>
</bndbox>
</object>
<object>
<name>face</name>
<pose>Unspecified</pose>
<truncated>1</truncated>
<difficult>0</difficult>
<bndbox>
<xmin>251</xmin>
<ymin>82</ymin>
<xmax>278</xmax>
<ymax>151</ymax>
</bndbox>
</object>
<object>
<name>face</name>
<pose>Unspecified</pose>
<truncated>1</truncated>
<difficult>0</difficult>
<bndbox>
<xmin>300</xmin>
<ymin>97</ymin>
<xmax>315</xmax>
<ymax>146</ymax>
</bndbox>
</object>
<object>
<name>face</name>
<pose>Unspecified</pose>
<truncated>1</truncated>
<difficult>0</difficult>
<bndbox>
<xmin>300</xmin>
<ymin>97</ymin>
<xmax>315</xmax>
<ymax>146</ymax>
</bndbox>
</object>
</annotation>
