<?xml version="1.0" ?>
<annotation>
<folder>fddb</folder>
<filename>2002_08_05_big_img_3666.jpg</filename>
<source>
<database>fddb Database</database>
<annotation>PASCAL VOC2007</annotation>
<image>flickr</image>
<flickrid>-1</flickrid>
</source>
<owner>
<flickrid>yanyu</flickrid>
<name>yanyu</name>
</owner>
<size>
<width>450</width>
<height>316</height>
<depth>3</depth>
</size>
<segmented>0</segmented>
<object>
<name>face</name>
<pose>Unspecified</pose>
<truncated>1</truncated>
<difficult>0</difficult>
<bndbox>
<xmin>69</xmin>
<ymin>27</ymin>
<xmax>142</xmax>
<ymax>150</ymax>
</bndbox>
</object>
<object>
<name>face</name>
<pose>Unspecified</pose>
<truncated>1</truncated>
<difficult>0</difficult>
<bndbox>
<xmin>69</xmin>
<ymin>27</ymin>
<xmax>142</xmax>
<ymax>150</ymax>
</bndbox>
</object>
<object>
<name>face</name>
<pose>Unspecified</pose>
<truncated>1</truncated>
<difficult>0</difficult>
<bndbox>
<xmin>187</xmin>
<ymin>75</ymin>
<xmax>240</xmax>
<ymax>158</ymax>
</bndbox>
</object>
<object>
<name>face</name>
<pose>Unspecified</pose>
<truncated>1</truncated>
<difficult>0</difficult>
<bndbox>
<xmin>187</xmin>
<ymin>75</ymin>
<xmax>240</xmax>
<ymax>158</ymax>
</bndbox>
</object>
<object>
<name>face</name>
<pose>Unspecified</pose>
<truncated>1</truncated>
<difficult>0</difficult>
<bndbox>
<xmin>65</xmin>
<ymin>200</ymin>
<xmax>162</xmax>
<ymax>316</ymax>
</bndbox>
</object>
<object>
<name>face</name>
<pose>Unspecified</pose>
<truncated>1</truncated>
<difficult>0</difficult>
<bndbox>
<xmin>249</xmin>
<ymin>90</ymin>
<xmax>308</xmax>
<ymax>187</ymax>
</bndbox>
</object>
<object>
<name>face</name>
<pose>Unspecified</pose>
<truncated>1</truncated>
<difficult>0</difficult>
<bndbox>
<xmin>249</xmin>
<ymin>90</ymin>
<xmax>308</xmax>
<ymax>187</ymax>
</bndbox>
</object>
<object>
<name>face</name>
<pose>Unspecified</pose>
<truncated>1</truncated>
<difficult>0</difficult>
<bndbox>
<xmin>302</xmin>
<ymin>21</ymin>
<xmax>349</xmax>
<ymax>102</ymax>
</bndbox>
</object>
<object>
<name>face</name>
<pose>Unspecified</pose>
<truncated>1</truncated>
<difficult>0</difficult>
<bndbox>
<xmin>302</xmin>
<ymin>21</ymin>
<xmax>349</xmax>
<ymax>102</ymax>
</bndbox>
</object>
<object>
<name>face</name>
<pose>Unspecified</pose>
<truncated>1</truncated>
<difficult>0</difficult>
<bndbox>
<xmin>278</xmin>
<ymin>17</ymin>
<xmax>317</xmax>
<ymax>78</ymax>
</bndbox>
</object>
<object>
<name>face</name>
<pose>Unspecified</pose>
<truncated>1</truncated>
<difficult>0</difficult>
<bndbox>
<xmin>278</xmin>
<ymin>17</ymin>
<xmax>317</xmax>
<ymax>78</ymax>
</bndbox>
</object>
<object>
<name>face</name>
<pose>Unspecified</pose>
<truncated>1</truncated>
<difficult>0</difficult>
<bndbox>
<xmin>2</xmin>
<ymin>24</ymin>
<xmax>23</xmax>
<ymax>55</ymax>
</bndbox>
</object>
<object>
<name>face</name>
<pose>Unspecified</pose>
<truncated>1</truncated>
<difficult>0</difficult>
<bndbox>
<xmin>2</xmin>
<ymin>24</ymin>
<xmax>23</xmax>
<ymax>55</ymax>
</bndbox>
</object>
<object>
<name>face</name>
<pose>Unspecified</pose>
<truncated>1</truncated>
<difficult>0</difficult>
<bndbox>
<xmin>33</xmin>
<ymin>15</ymin>
<xmax>54</xmax>
<ymax>44</ymax>
</bndbox>
</object>
<object>
<name>face</name>
<pose>Unspecified</pose>
<truncated>1</truncated>
<difficult>0</difficult>
<bndbox>
<xmin>33</xmin>
<ymin>15</ymin>
<xmax>54</xmax>
<ymax>44</ymax>
</bndbox>
</object>
<object>
<name>face</name>
<pose>Unspecified</pose>
<truncated>1</truncated>
<difficult>0</difficult>
<bndbox>
<xmin>48</xmin>
<ymin>27</ymin>
<xmax>67</xmax>
<ymax>54</ymax>
</bndbox>
</object>
<object>
<name>face</name>
<pose>Unspecified</pose>
<truncated>1</truncated>
<difficult>0</difficult>
<bndbox>
<xmin>48</xmin>
<ymin>27</ymin>
<xmax>67</xmax>
<ymax>54</ymax>
</bndbox>
</object>
<object>
<name>face</name>
<pose>Unspecified</pose>
<truncated>1</truncated>
<difficult>0</difficult>
<bndbox>
<xmin>50</xmin>
<ymin>55</ymin>
<xmax>79</xmax>
<ymax>98</ymax>
</bndbox>
</object>
<object>
<name>face</name>
<pose>Unspecified</pose>
<truncated>1</truncated>
<difficult>0</difficult>
<bndbox>
<xmin>50</xmin>
<ymin>55</ymin>
<xmax>79</xmax>
<ymax>98</ymax>
</bndbox>
</object>
<object>
<name>face</name>
<pose>Unspecified</pose>
<truncated>1</truncated>
<difficult>0</difficult>
<bndbox>
<xmin>141</xmin>
<ymin>50</ymin>
<xmax>166</xmax>
<ymax>89</ymax>
</bndbox>
</object>
<object>
<name>face</name>
<pose>Unspecified</pose>
<truncated>1</truncated>
<difficult>0</difficult>
<bndbox>
<xmin>141</xmin>
<ymin>50</ymin>
<xmax>166</xmax>
<ymax>89</ymax>
</bndbox>
</object>
<object>
<name>face</name>
<pose>Unspecified</pose>
<truncated>1</truncated>
<difficult>0</difficult>
<bndbox>
<xmin>3</xmin>
<ymin>84</ymin>
<xmax>70</xmax>
<ymax>185</ymax>
</bndbox>
</object>
<object>
<name>face</name>
<pose>Unspecified</pose>
<truncated>1</truncated>
<difficult>0</difficult>
<bndbox>
<xmin>3</xmin>
<ymin>84</ymin>
<xmax>70</xmax>
<ymax>185</ymax>
</bndbox>
</object>
<object>
<name>face</name>
<pose>Unspecified</pose>
<truncated>1</truncated>
<difficult>0</difficult>
<bndbox>
<xmin>240</xmin>
<ymin>32</ymin>
<xmax>265</xmax>
<ymax>63</ymax>
</bndbox>
</object>
<object>
<name>face</name>
<pose>Unspecified</pose>
<truncated>1</truncated>
<difficult>0</difficult>
<bndbox>
<xmin>240</xmin>
<ymin>32</ymin>
<xmax>265</xmax>
<ymax>63</ymax>
</bndbox>
</object>
<object>
<name>face</name>
<pose>Unspecified</pose>
<truncated>1</truncated>
<difficult>0</difficult>
<bndbox>
<xmin>240</xmin>
<ymin>54</ymin>
<xmax>263</xmax>
<ymax>83</ymax>
</bndbox>
</object>
<object>
<name>face</name>
<pose>Unspecified</pose>
<truncated>1</truncated>
<difficult>0</difficult>
<bndbox>
<xmin>240</xmin>
<ymin>54</ymin>
<xmax>263</xmax>
<ymax>83</ymax>
</bndbox>
</object>
<object>
<name>face</name>
<pose>Unspecified</pose>
<truncated>1</truncated>
<difficult>0</difficult>
<bndbox>
<xmin>397</xmin>
<ymin>28</ymin>
<xmax>428</xmax>
<ymax>75</ymax>
</bndbox>
</object>
<object>
<name>face</name>
<pose>Unspecified</pose>
<truncated>1</truncated>
<difficult>0</difficult>
<bndbox>
<xmin>397</xmin>
<ymin>28</ymin>
<xmax>428</xmax>
<ymax>75</ymax>
</bndbox>
</object>
</annotation>
