<?xml version="1.0" ?>
<annotation>
<folder>fddb</folder>
<filename>2002_08_03_big_img_417.jpg</filename>
<source>
<database>fddb Database</database>
<annotation>PASCAL VOC2007</annotation>
<image>flickr</image>
<flickrid>-1</flickrid>
</source>
<owner>
<flickrid>yanyu</flickrid>
<name>yanyu</name>
</owner>
<size>
<width>450</width>
<height>367</height>
<depth>3</depth>
</size>
<segmented>0</segmented>
<object>
<name>face</name>
<pose>Unspecified</pose>
<truncated>1</truncated>
<difficult>0</difficult>
<bndbox>
<xmin>27</xmin>
<ymin>22</ymin>
<xmax>100</xmax>
<ymax>129</ymax>
</bndbox>
</object>
<object>
<name>face</name>
<pose>Unspecified</pose>
<truncated>1</truncated>
<difficult>0</difficult>
<bndbox>
<xmin>27</xmin>
<ymin>22</ymin>
<xmax>100</xmax>
<ymax>129</ymax>
</bndbox>
</object>
<object>
<name>face</name>
<pose>Unspecified</pose>
<truncated>1</truncated>
<difficult>0</difficult>
<bndbox>
<xmin>137</xmin>
<ymin>22</ymin>
<xmax>208</xmax>
<ymax>123</ymax>
</bndbox>
</object>
<object>
<name>face</name>
<pose>Unspecified</pose>
<truncated>1</truncated>
<difficult>0</difficult>
<bndbox>
<xmin>137</xmin>
<ymin>22</ymin>
<xmax>208</xmax>
<ymax>123</ymax>
</bndbox>
</object>
<object>
<name>face</name>
<pose>Unspecified</pose>
<truncated>1</truncated>
<difficult>0</difficult>
<bndbox>
<xmin>246</xmin>
<ymin>21</ymin>
<xmax>319</xmax>
<ymax>124</ymax>
</bndbox>
</object>
<object>
<name>face</name>
<pose>Unspecified</pose>
<truncated>1</truncated>
<difficult>0</difficult>
<bndbox>
<xmin>246</xmin>
<ymin>21</ymin>
<xmax>319</xmax>
<ymax>124</ymax>
</bndbox>
</object>
<object>
<name>face</name>
<pose>Unspecified</pose>
<truncated>1</truncated>
<difficult>0</difficult>
<bndbox>
<xmin>356</xmin>
<ymin>22</ymin>
<xmax>427</xmax>
<ymax>117</ymax>
</bndbox>
</object>
<object>
<name>face</name>
<pose>Unspecified</pose>
<truncated>1</truncated>
<difficult>0</difficult>
<bndbox>
<xmin>356</xmin>
<ymin>22</ymin>
<xmax>427</xmax>
<ymax>117</ymax>
</bndbox>
</object>
<object>
<name>face</name>
<pose>Unspecified</pose>
<truncated>1</truncated>
<difficult>0</difficult>
<bndbox>
<xmin>28</xmin>
<ymin>202</ymin>
<xmax>93</xmax>
<ymax>307</ymax>
</bndbox>
</object>
<object>
<name>face</name>
<pose>Unspecified</pose>
<truncated>1</truncated>
<difficult>0</difficult>
<bndbox>
<xmin>28</xmin>
<ymin>202</ymin>
<xmax>93</xmax>
<ymax>307</ymax>
</bndbox>
</object>
<object>
<name>face</name>
<pose>Unspecified</pose>
<truncated>1</truncated>
<difficult>0</difficult>
<bndbox>
<xmin>138</xmin>
<ymin>206</ymin>
<xmax>205</xmax>
<ymax>303</ymax>
</bndbox>
</object>
<object>
<name>face</name>
<pose>Unspecified</pose>
<truncated>1</truncated>
<difficult>0</difficult>
<bndbox>
<xmin>138</xmin>
<ymin>206</ymin>
<xmax>205</xmax>
<ymax>303</ymax>
</bndbox>
</object>
<object>
<name>face</name>
<pose>Unspecified</pose>
<truncated>1</truncated>
<difficult>0</difficult>
<bndbox>
<xmin>247</xmin>
<ymin>208</ymin>
<xmax>318</xmax>
<ymax>301</ymax>
</bndbox>
</object>
<object>
<name>face</name>
<pose>Unspecified</pose>
<truncated>1</truncated>
<difficult>0</difficult>
<bndbox>
<xmin>247</xmin>
<ymin>208</ymin>
<xmax>318</xmax>
<ymax>301</ymax>
</bndbox>
</object>
</annotation>
