<?xml version="1.0" ?>
<annotation>
<folder>fddb</folder>
<filename>2002_07_22_big_img_554.jpg</filename>
<source>
<database>fddb Database</database>
<annotation>PASCAL VOC2007</annotation>
<image>flickr</image>
<flickrid>-1</flickrid>
</source>
<owner>
<flickrid>yanyu</flickrid>
<name>yanyu</name>
</owner>
<size>
<width>450</width>
<height>308</height>
<depth>3</depth>
</size>
<segmented>0</segmented>
<object>
<name>face</name>
<pose>Unspecified</pose>
<truncated>1</truncated>
<difficult>0</difficult>
<bndbox>
<xmin>27</xmin>
<ymin>5</ymin>
<xmax>84</xmax>
<ymax>90</ymax>
</bndbox>
</object>
<object>
<name>face</name>
<pose>Unspecified</pose>
<truncated>1</truncated>
<difficult>0</difficult>
<bndbox>
<xmin>27</xmin>
<ymin>5</ymin>
<xmax>84</xmax>
<ymax>90</ymax>
</bndbox>
</object>
<object>
<name>face</name>
<pose>Unspecified</pose>
<truncated>1</truncated>
<difficult>0</difficult>
<bndbox>
<xmin>182</xmin>
<ymin>23</ymin>
<xmax>247</xmax>
<ymax>114</ymax>
</bndbox>
</object>
<object>
<name>face</name>
<pose>Unspecified</pose>
<truncated>1</truncated>
<difficult>0</difficult>
<bndbox>
<xmin>182</xmin>
<ymin>23</ymin>
<xmax>247</xmax>
<ymax>114</ymax>
</bndbox>
</object>
<object>
<name>face</name>
<pose>Unspecified</pose>
<truncated>1</truncated>
<difficult>0</difficult>
<bndbox>
<xmin>340</xmin>
<ymin>10</ymin>
<xmax>405</xmax>
<ymax>103</ymax>
</bndbox>
</object>
<object>
<name>face</name>
<pose>Unspecified</pose>
<truncated>1</truncated>
<difficult>0</difficult>
<bndbox>
<xmin>340</xmin>
<ymin>10</ymin>
<xmax>405</xmax>
<ymax>103</ymax>
</bndbox>
</object>
<object>
<name>face</name>
<pose>Unspecified</pose>
<truncated>1</truncated>
<difficult>0</difficult>
<bndbox>
<xmin>396</xmin>
<ymin>158</ymin>
<xmax>450</xmax>
<ymax>245</ymax>
</bndbox>
</object>
<object>
<name>face</name>
<pose>Unspecified</pose>
<truncated>1</truncated>
<difficult>0</difficult>
<bndbox>
<xmin>299</xmin>
<ymin>29</ymin>
<xmax>358</xmax>
<ymax>108</ymax>
</bndbox>
</object>
<object>
<name>face</name>
<pose>Unspecified</pose>
<truncated>1</truncated>
<difficult>0</difficult>
<bndbox>
<xmin>299</xmin>
<ymin>29</ymin>
<xmax>358</xmax>
<ymax>108</ymax>
</bndbox>
</object>
<object>
<name>face</name>
<pose>Unspecified</pose>
<truncated>1</truncated>
<difficult>0</difficult>
<bndbox>
<xmin>254</xmin>
<ymin>0</ymin>
<xmax>303</xmax>
<ymax>65</ymax>
</bndbox>
</object>
<object>
<name>face</name>
<pose>Unspecified</pose>
<truncated>1</truncated>
<difficult>0</difficult>
<bndbox>
<xmin>390</xmin>
<ymin>0</ymin>
<xmax>433</xmax>
<ymax>59</ymax>
</bndbox>
</object>
</annotation>
