<?xml version="1.0" ?>
<annotation>
<folder>fddb</folder>
<filename>2002_07_27_big_img_890.jpg</filename>
<source>
<database>fddb Database</database>
<annotation>PASCAL VOC2007</annotation>
<image>flickr</image>
<flickrid>-1</flickrid>
</source>
<owner>
<flickrid>yanyu</flickrid>
<name>yanyu</name>
</owner>
<size>
<width>450</width>
<height>369</height>
<depth>3</depth>
</size>
<segmented>0</segmented>
<object>
<name>face</name>
<pose>Unspecified</pose>
<truncated>1</truncated>
<difficult>0</difficult>
<bndbox>
<xmin>158</xmin>
<ymin>50</ymin>
<xmax>221</xmax>
<ymax>137</ymax>
</bndbox>
</object>
<object>
<name>face</name>
<pose>Unspecified</pose>
<truncated>1</truncated>
<difficult>0</difficult>
<bndbox>
<xmin>158</xmin>
<ymin>50</ymin>
<xmax>221</xmax>
<ymax>137</ymax>
</bndbox>
</object>
<object>
<name>face</name>
<pose>Unspecified</pose>
<truncated>1</truncated>
<difficult>0</difficult>
<bndbox>
<xmin>335</xmin>
<ymin>53</ymin>
<xmax>398</xmax>
<ymax>158</ymax>
</bndbox>
</object>
<object>
<name>face</name>
<pose>Unspecified</pose>
<truncated>1</truncated>
<difficult>0</difficult>
<bndbox>
<xmin>335</xmin>
<ymin>53</ymin>
<xmax>398</xmax>
<ymax>158</ymax>
</bndbox>
</object>
</annotation>
