<?xml version="1.0" ?>
<annotation>
<folder>fddb</folder>
<filename>2002_08_02_big_img_1231.jpg</filename>
<source>
<database>fddb Database</database>
<annotation>PASCAL VOC2007</annotation>
<image>flickr</image>
<flickrid>-1</flickrid>
</source>
<owner>
<flickrid>yanyu</flickrid>
<name>yanyu</name>
</owner>
<size>
<width>450</width>
<height>339</height>
<depth>3</depth>
</size>
<segmented>0</segmented>
<object>
<name>face</name>
<pose>Unspecified</pose>
<truncated>1</truncated>
<difficult>0</difficult>
<bndbox>
<xmin>20</xmin>
<ymin>116</ymin>
<xmax>61</xmax>
<ymax>181</ymax>
</bndbox>
</object>
<object>
<name>face</name>
<pose>Unspecified</pose>
<truncated>1</truncated>
<difficult>0</difficult>
<bndbox>
<xmin>20</xmin>
<ymin>116</ymin>
<xmax>61</xmax>
<ymax>181</ymax>
</bndbox>
</object>
<object>
<name>face</name>
<pose>Unspecified</pose>
<truncated>1</truncated>
<difficult>0</difficult>
<bndbox>
<xmin>57</xmin>
<ymin>84</ymin>
<xmax>136</xmax>
<ymax>193</ymax>
</bndbox>
</object>
<object>
<name>face</name>
<pose>Unspecified</pose>
<truncated>1</truncated>
<difficult>0</difficult>
<bndbox>
<xmin>57</xmin>
<ymin>84</ymin>
<xmax>136</xmax>
<ymax>193</ymax>
</bndbox>
</object>
<object>
<name>face</name>
<pose>Unspecified</pose>
<truncated>1</truncated>
<difficult>0</difficult>
<bndbox>
<xmin>142</xmin>
<ymin>46</ymin>
<xmax>245</xmax>
<ymax>205</ymax>
</bndbox>
</object>
<object>
<name>face</name>
<pose>Unspecified</pose>
<truncated>1</truncated>
<difficult>0</difficult>
<bndbox>
<xmin>142</xmin>
<ymin>46</ymin>
<xmax>245</xmax>
<ymax>205</ymax>
</bndbox>
</object>
<object>
<name>face</name>
<pose>Unspecified</pose>
<truncated>1</truncated>
<difficult>0</difficult>
<bndbox>
<xmin>291</xmin>
<ymin>85</ymin>
<xmax>340</xmax>
<ymax>148</ymax>
</bndbox>
</object>
<object>
<name>face</name>
<pose>Unspecified</pose>
<truncated>1</truncated>
<difficult>0</difficult>
<bndbox>
<xmin>291</xmin>
<ymin>85</ymin>
<xmax>340</xmax>
<ymax>148</ymax>
</bndbox>
</object>
<object>
<name>face</name>
<pose>Unspecified</pose>
<truncated>1</truncated>
<difficult>0</difficult>
<bndbox>
<xmin>319</xmin>
<ymin>10</ymin>
<xmax>438</xmax>
<ymax>191</ymax>
</bndbox>
</object>
<object>
<name>face</name>
<pose>Unspecified</pose>
<truncated>1</truncated>
<difficult>0</difficult>
<bndbox>
<xmin>319</xmin>
<ymin>10</ymin>
<xmax>438</xmax>
<ymax>191</ymax>
</bndbox>
</object>
</annotation>
