<?xml version="1.0" ?>
<annotation>
<folder>fddb</folder>
<filename>2002_08_13_big_img_1161.jpg</filename>
<source>
<database>fddb Database</database>
<annotation>PASCAL VOC2007</annotation>
<image>flickr</image>
<flickrid>-1</flickrid>
</source>
<owner>
<flickrid>yanyu</flickrid>
<name>yanyu</name>
</owner>
<size>
<width>450</width>
<height>326</height>
<depth>3</depth>
</size>
<segmented>0</segmented>
<object>
<name>face</name>
<pose>Unspecified</pose>
<truncated>1</truncated>
<difficult>0</difficult>
<bndbox>
<xmin>108</xmin>
<ymin>130</ymin>
<xmax>171</xmax>
<ymax>219</ymax>
</bndbox>
</object>
<object>
<name>face</name>
<pose>Unspecified</pose>
<truncated>1</truncated>
<difficult>0</difficult>
<bndbox>
<xmin>108</xmin>
<ymin>130</ymin>
<xmax>171</xmax>
<ymax>219</ymax>
</bndbox>
</object>
<object>
<name>face</name>
<pose>Unspecified</pose>
<truncated>1</truncated>
<difficult>0</difficult>
<bndbox>
<xmin>185</xmin>
<ymin>62</ymin>
<xmax>252</xmax>
<ymax>169</ymax>
</bndbox>
</object>
<object>
<name>face</name>
<pose>Unspecified</pose>
<truncated>1</truncated>
<difficult>0</difficult>
<bndbox>
<xmin>185</xmin>
<ymin>62</ymin>
<xmax>252</xmax>
<ymax>169</ymax>
</bndbox>
</object>
<object>
<name>face</name>
<pose>Unspecified</pose>
<truncated>1</truncated>
<difficult>0</difficult>
<bndbox>
<xmin>299</xmin>
<ymin>35</ymin>
<xmax>372</xmax>
<ymax>140</ymax>
</bndbox>
</object>
<object>
<name>face</name>
<pose>Unspecified</pose>
<truncated>1</truncated>
<difficult>0</difficult>
<bndbox>
<xmin>299</xmin>
<ymin>35</ymin>
<xmax>372</xmax>
<ymax>140</ymax>
</bndbox>
</object>
<object>
<name>face</name>
<pose>Unspecified</pose>
<truncated>1</truncated>
<difficult>0</difficult>
<bndbox>
<xmin>132</xmin>
<ymin>0</ymin>
<xmax>249</xmax>
<ymax>111</ymax>
</bndbox>
</object>
</annotation>
