<?xml version="1.0" ?>
<annotation>
<folder>fddb</folder>
<filename>2002_08_12_big_img_78.jpg</filename>
<source>
<database>fddb Database</database>
<annotation>PASCAL VOC2007</annotation>
<image>flickr</image>
<flickrid>-1</flickrid>
</source>
<owner>
<flickrid>yanyu</flickrid>
<name>yanyu</name>
</owner>
<size>
<width>450</width>
<height>433</height>
<depth>3</depth>
</size>
<segmented>0</segmented>
<object>
<name>face</name>
<pose>Unspecified</pose>
<truncated>1</truncated>
<difficult>0</difficult>
<bndbox>
<xmin>108</xmin>
<ymin>1</ymin>
<xmax>153</xmax>
<ymax>88</ymax>
</bndbox>
</object>
<object>
<name>face</name>
<pose>Unspecified</pose>
<truncated>1</truncated>
<difficult>0</difficult>
<bndbox>
<xmin>108</xmin>
<ymin>1</ymin>
<xmax>153</xmax>
<ymax>88</ymax>
</bndbox>
</object>
<object>
<name>face</name>
<pose>Unspecified</pose>
<truncated>1</truncated>
<difficult>0</difficult>
<bndbox>
<xmin>79</xmin>
<ymin>165</ymin>
<xmax>136</xmax>
<ymax>264</ymax>
</bndbox>
</object>
<object>
<name>face</name>
<pose>Unspecified</pose>
<truncated>1</truncated>
<difficult>0</difficult>
<bndbox>
<xmin>79</xmin>
<ymin>165</ymin>
<xmax>136</xmax>
<ymax>264</ymax>
</bndbox>
</object>
<object>
<name>face</name>
<pose>Unspecified</pose>
<truncated>1</truncated>
<difficult>0</difficult>
<bndbox>
<xmin>73</xmin>
<ymin>326</ymin>
<xmax>110</xmax>
<ymax>405</ymax>
</bndbox>
</object>
<object>
<name>face</name>
<pose>Unspecified</pose>
<truncated>1</truncated>
<difficult>0</difficult>
<bndbox>
<xmin>73</xmin>
<ymin>326</ymin>
<xmax>110</xmax>
<ymax>405</ymax>
</bndbox>
</object>
<object>
<name>face</name>
<pose>Unspecified</pose>
<truncated>1</truncated>
<difficult>0</difficult>
<bndbox>
<xmin>214</xmin>
<ymin>156</ymin>
<xmax>261</xmax>
<ymax>239</ymax>
</bndbox>
</object>
<object>
<name>face</name>
<pose>Unspecified</pose>
<truncated>1</truncated>
<difficult>0</difficult>
<bndbox>
<xmin>214</xmin>
<ymin>156</ymin>
<xmax>261</xmax>
<ymax>239</ymax>
</bndbox>
</object>
<object>
<name>face</name>
<pose>Unspecified</pose>
<truncated>1</truncated>
<difficult>0</difficult>
<bndbox>
<xmin>185</xmin>
<ymin>335</ymin>
<xmax>234</xmax>
<ymax>426</ymax>
</bndbox>
</object>
<object>
<name>face</name>
<pose>Unspecified</pose>
<truncated>1</truncated>
<difficult>0</difficult>
<bndbox>
<xmin>185</xmin>
<ymin>335</ymin>
<xmax>234</xmax>
<ymax>426</ymax>
</bndbox>
</object>
<object>
<name>face</name>
<pose>Unspecified</pose>
<truncated>1</truncated>
<difficult>0</difficult>
<bndbox>
<xmin>232</xmin>
<ymin>0</ymin>
<xmax>275</xmax>
<ymax>74</ymax>
</bndbox>
</object>
<object>
<name>face</name>
<pose>Unspecified</pose>
<truncated>1</truncated>
<difficult>0</difficult>
<bndbox>
<xmin>274</xmin>
<ymin>135</ymin>
<xmax>381</xmax>
<ymax>296</ymax>
</bndbox>
</object>
<object>
<name>face</name>
<pose>Unspecified</pose>
<truncated>1</truncated>
<difficult>0</difficult>
<bndbox>
<xmin>274</xmin>
<ymin>135</ymin>
<xmax>381</xmax>
<ymax>296</ymax>
</bndbox>
</object>
<object>
<name>face</name>
<pose>Unspecified</pose>
<truncated>1</truncated>
<difficult>0</difficult>
<bndbox>
<xmin>347</xmin>
<ymin>0</ymin>
<xmax>400</xmax>
<ymax>89</ymax>
</bndbox>
</object>
</annotation>
