<?xml version="1.0" ?>
<annotation>
<folder>fddb</folder>
<filename>2002_07_25_big_img_817.jpg</filename>
<source>
<database>fddb Database</database>
<annotation>PASCAL VOC2007</annotation>
<image>flickr</image>
<flickrid>-1</flickrid>
</source>
<owner>
<flickrid>yanyu</flickrid>
<name>yanyu</name>
</owner>
<size>
<width>383</width>
<height>450</height>
<depth>3</depth>
</size>
<segmented>0</segmented>
<object>
<name>face</name>
<pose>Unspecified</pose>
<truncated>1</truncated>
<difficult>0</difficult>
<bndbox>
<xmin>102</xmin>
<ymin>155</ymin>
<xmax>171</xmax>
<ymax>254</ymax>
</bndbox>
</object>
<object>
<name>face</name>
<pose>Unspecified</pose>
<truncated>1</truncated>
<difficult>0</difficult>
<bndbox>
<xmin>102</xmin>
<ymin>155</ymin>
<xmax>171</xmax>
<ymax>254</ymax>
</bndbox>
</object>
<object>
<name>face</name>
<pose>Unspecified</pose>
<truncated>1</truncated>
<difficult>0</difficult>
<bndbox>
<xmin>271</xmin>
<ymin>215</ymin>
<xmax>344</xmax>
<ymax>320</ymax>
</bndbox>
</object>
<object>
<name>face</name>
<pose>Unspecified</pose>
<truncated>1</truncated>
<difficult>0</difficult>
<bndbox>
<xmin>271</xmin>
<ymin>215</ymin>
<xmax>344</xmax>
<ymax>320</ymax>
</bndbox>
</object>
</annotation>
