<?xml version="1.0" ?>
<annotation>
<folder>fddb</folder>
<filename>2002_08_06_big_img_2739.jpg</filename>
<source>
<database>fddb Database</database>
<annotation>PASCAL VOC2007</annotation>
<image>flickr</image>
<flickrid>-1</flickrid>
</source>
<owner>
<flickrid>yanyu</flickrid>
<name>yanyu</name>
</owner>
<size>
<width>450</width>
<height>333</height>
<depth>3</depth>
</size>
<segmented>0</segmented>
<object>
<name>face</name>
<pose>Unspecified</pose>
<truncated>1</truncated>
<difficult>0</difficult>
<bndbox>
<xmin>128</xmin>
<ymin>56</ymin>
<xmax>197</xmax>
<ymax>163</ymax>
</bndbox>
</object>
<object>
<name>face</name>
<pose>Unspecified</pose>
<truncated>1</truncated>
<difficult>0</difficult>
<bndbox>
<xmin>128</xmin>
<ymin>56</ymin>
<xmax>197</xmax>
<ymax>163</ymax>
</bndbox>
</object>
<object>
<name>face</name>
<pose>Unspecified</pose>
<truncated>1</truncated>
<difficult>0</difficult>
<bndbox>
<xmin>234</xmin>
<ymin>28</ymin>
<xmax>293</xmax>
<ymax>119</ymax>
</bndbox>
</object>
<object>
<name>face</name>
<pose>Unspecified</pose>
<truncated>1</truncated>
<difficult>0</difficult>
<bndbox>
<xmin>234</xmin>
<ymin>28</ymin>
<xmax>293</xmax>
<ymax>119</ymax>
</bndbox>
</object>
<object>
<name>face</name>
<pose>Unspecified</pose>
<truncated>1</truncated>
<difficult>0</difficult>
<bndbox>
<xmin>321</xmin>
<ymin>36</ymin>
<xmax>390</xmax>
<ymax>147</ymax>
</bndbox>
</object>
<object>
<name>face</name>
<pose>Unspecified</pose>
<truncated>1</truncated>
<difficult>0</difficult>
<bndbox>
<xmin>321</xmin>
<ymin>36</ymin>
<xmax>390</xmax>
<ymax>147</ymax>
</bndbox>
</object>
<object>
<name>face</name>
<pose>Unspecified</pose>
<truncated>1</truncated>
<difficult>0</difficult>
<bndbox>
<xmin>409</xmin>
<ymin>23</ymin>
<xmax>450</xmax>
<ymax>106</ymax>
</bndbox>
</object>
</annotation>
