<?xml version="1.0" ?>
<annotation>
<folder>fddb</folder>
<filename>2002_08_17_big_img_691.jpg</filename>
<source>
<database>fddb Database</database>
<annotation>PASCAL VOC2007</annotation>
<image>flickr</image>
<flickrid>-1</flickrid>
</source>
<owner>
<flickrid>yanyu</flickrid>
<name>yanyu</name>
</owner>
<size>
<width>341</width>
<height>449</height>
<depth>3</depth>
</size>
<segmented>0</segmented>
<object>
<name>face</name>
<pose>Unspecified</pose>
<truncated>1</truncated>
<difficult>0</difficult>
<bndbox>
<xmin>0</xmin>
<ymin>97</ymin>
<xmax>67</xmax>
<ymax>206</ymax>
</bndbox>
</object>
<object>
<name>face</name>
<pose>Unspecified</pose>
<truncated>1</truncated>
<difficult>0</difficult>
<bndbox>
<xmin>124</xmin>
<ymin>125</ymin>
<xmax>199</xmax>
<ymax>242</ymax>
</bndbox>
</object>
<object>
<name>face</name>
<pose>Unspecified</pose>
<truncated>1</truncated>
<difficult>0</difficult>
<bndbox>
<xmin>124</xmin>
<ymin>125</ymin>
<xmax>199</xmax>
<ymax>242</ymax>
</bndbox>
</object>
<object>
<name>face</name>
<pose>Unspecified</pose>
<truncated>1</truncated>
<difficult>0</difficult>
<bndbox>
<xmin>157</xmin>
<ymin>76</ymin>
<xmax>216</xmax>
<ymax>161</ymax>
</bndbox>
</object>
<object>
<name>face</name>
<pose>Unspecified</pose>
<truncated>1</truncated>
<difficult>0</difficult>
<bndbox>
<xmin>157</xmin>
<ymin>76</ymin>
<xmax>216</xmax>
<ymax>161</ymax>
</bndbox>
</object>
<object>
<name>face</name>
<pose>Unspecified</pose>
<truncated>1</truncated>
<difficult>0</difficult>
<bndbox>
<xmin>45</xmin>
<ymin>66</ymin>
<xmax>100</xmax>
<ymax>139</ymax>
</bndbox>
</object>
<object>
<name>face</name>
<pose>Unspecified</pose>
<truncated>1</truncated>
<difficult>0</difficult>
<bndbox>
<xmin>45</xmin>
<ymin>66</ymin>
<xmax>100</xmax>
<ymax>139</ymax>
</bndbox>
</object>
<object>
<name>face</name>
<pose>Unspecified</pose>
<truncated>1</truncated>
<difficult>0</difficult>
<bndbox>
<xmin>0</xmin>
<ymin>35</ymin>
<xmax>56</xmax>
<ymax>130</ymax>
</bndbox>
</object>
<object>
<name>face</name>
<pose>Unspecified</pose>
<truncated>1</truncated>
<difficult>0</difficult>
<bndbox>
<xmin>194</xmin>
<ymin>109</ymin>
<xmax>259</xmax>
<ymax>198</ymax>
</bndbox>
</object>
<object>
<name>face</name>
<pose>Unspecified</pose>
<truncated>1</truncated>
<difficult>0</difficult>
<bndbox>
<xmin>194</xmin>
<ymin>109</ymin>
<xmax>259</xmax>
<ymax>198</ymax>
</bndbox>
</object>
<object>
<name>face</name>
<pose>Unspecified</pose>
<truncated>1</truncated>
<difficult>0</difficult>
<bndbox>
<xmin>97</xmin>
<ymin>140</ymin>
<xmax>162</xmax>
<ymax>231</ymax>
</bndbox>
</object>
<object>
<name>face</name>
<pose>Unspecified</pose>
<truncated>1</truncated>
<difficult>0</difficult>
<bndbox>
<xmin>97</xmin>
<ymin>140</ymin>
<xmax>162</xmax>
<ymax>231</ymax>
</bndbox>
</object>
</annotation>
