<?xml version="1.0" ?>
<annotation>
<folder>fddb</folder>
<filename>2002_09_01_big_img_16845.jpg</filename>
<source>
<database>fddb Database</database>
<annotation>PASCAL VOC2007</annotation>
<image>flickr</image>
<flickrid>-1</flickrid>
</source>
<owner>
<flickrid>yanyu</flickrid>
<name>yanyu</name>
</owner>
<size>
<width>450</width>
<height>311</height>
<depth>3</depth>
</size>
<segmented>0</segmented>
<object>
<name>face</name>
<pose>Unspecified</pose>
<truncated>1</truncated>
<difficult>0</difficult>
<bndbox>
<xmin>21</xmin>
<ymin>34</ymin>
<xmax>114</xmax>
<ymax>141</ymax>
</bndbox>
</object>
<object>
<name>face</name>
<pose>Unspecified</pose>
<truncated>1</truncated>
<difficult>0</difficult>
<bndbox>
<xmin>21</xmin>
<ymin>34</ymin>
<xmax>114</xmax>
<ymax>141</ymax>
</bndbox>
</object>
<object>
<name>face</name>
<pose>Unspecified</pose>
<truncated>1</truncated>
<difficult>0</difficult>
<bndbox>
<xmin>124</xmin>
<ymin>74</ymin>
<xmax>189</xmax>
<ymax>151</ymax>
</bndbox>
</object>
<object>
<name>face</name>
<pose>Unspecified</pose>
<truncated>1</truncated>
<difficult>0</difficult>
<bndbox>
<xmin>124</xmin>
<ymin>74</ymin>
<xmax>189</xmax>
<ymax>151</ymax>
</bndbox>
</object>
<object>
<name>face</name>
<pose>Unspecified</pose>
<truncated>1</truncated>
<difficult>0</difficult>
<bndbox>
<xmin>159</xmin>
<ymin>123</ymin>
<xmax>200</xmax>
<ymax>180</ymax>
</bndbox>
</object>
<object>
<name>face</name>
<pose>Unspecified</pose>
<truncated>1</truncated>
<difficult>0</difficult>
<bndbox>
<xmin>159</xmin>
<ymin>123</ymin>
<xmax>200</xmax>
<ymax>180</ymax>
</bndbox>
</object>
<object>
<name>face</name>
<pose>Unspecified</pose>
<truncated>1</truncated>
<difficult>0</difficult>
<bndbox>
<xmin>214</xmin>
<ymin>70</ymin>
<xmax>287</xmax>
<ymax>185</ymax>
</bndbox>
</object>
<object>
<name>face</name>
<pose>Unspecified</pose>
<truncated>1</truncated>
<difficult>0</difficult>
<bndbox>
<xmin>214</xmin>
<ymin>70</ymin>
<xmax>287</xmax>
<ymax>185</ymax>
</bndbox>
</object>
<object>
<name>face</name>
<pose>Unspecified</pose>
<truncated>1</truncated>
<difficult>0</difficult>
<bndbox>
<xmin>279</xmin>
<ymin>88</ymin>
<xmax>330</xmax>
<ymax>159</ymax>
</bndbox>
</object>
<object>
<name>face</name>
<pose>Unspecified</pose>
<truncated>1</truncated>
<difficult>0</difficult>
<bndbox>
<xmin>279</xmin>
<ymin>88</ymin>
<xmax>330</xmax>
<ymax>159</ymax>
</bndbox>
</object>
<object>
<name>face</name>
<pose>Unspecified</pose>
<truncated>1</truncated>
<difficult>0</difficult>
<bndbox>
<xmin>314</xmin>
<ymin>114</ymin>
<xmax>355</xmax>
<ymax>169</ymax>
</bndbox>
</object>
<object>
<name>face</name>
<pose>Unspecified</pose>
<truncated>1</truncated>
<difficult>0</difficult>
<bndbox>
<xmin>314</xmin>
<ymin>114</ymin>
<xmax>355</xmax>
<ymax>169</ymax>
</bndbox>
</object>
<object>
<name>face</name>
<pose>Unspecified</pose>
<truncated>1</truncated>
<difficult>0</difficult>
<bndbox>
<xmin>342</xmin>
<ymin>64</ymin>
<xmax>417</xmax>
<ymax>163</ymax>
</bndbox>
</object>
<object>
<name>face</name>
<pose>Unspecified</pose>
<truncated>1</truncated>
<difficult>0</difficult>
<bndbox>
<xmin>342</xmin>
<ymin>64</ymin>
<xmax>417</xmax>
<ymax>163</ymax>
</bndbox>
</object>
</annotation>
