<?xml version="1.0" ?>
<annotation>
<folder>fddb</folder>
<filename>2002_08_06_big_img_2520.jpg</filename>
<source>
<database>fddb Database</database>
<annotation>PASCAL VOC2007</annotation>
<image>flickr</image>
<flickrid>-1</flickrid>
</source>
<owner>
<flickrid>yanyu</flickrid>
<name>yanyu</name>
</owner>
<size>
<width>450</width>
<height>302</height>
<depth>3</depth>
</size>
<segmented>0</segmented>
<object>
<name>face</name>
<pose>Unspecified</pose>
<truncated>1</truncated>
<difficult>0</difficult>
<bndbox>
<xmin>7</xmin>
<ymin>8</ymin>
<xmax>54</xmax>
<ymax>83</ymax>
</bndbox>
</object>
<object>
<name>face</name>
<pose>Unspecified</pose>
<truncated>1</truncated>
<difficult>0</difficult>
<bndbox>
<xmin>7</xmin>
<ymin>8</ymin>
<xmax>54</xmax>
<ymax>83</ymax>
</bndbox>
</object>
<object>
<name>face</name>
<pose>Unspecified</pose>
<truncated>1</truncated>
<difficult>0</difficult>
<bndbox>
<xmin>139</xmin>
<ymin>3</ymin>
<xmax>182</xmax>
<ymax>68</ymax>
</bndbox>
</object>
<object>
<name>face</name>
<pose>Unspecified</pose>
<truncated>1</truncated>
<difficult>0</difficult>
<bndbox>
<xmin>139</xmin>
<ymin>3</ymin>
<xmax>182</xmax>
<ymax>68</ymax>
</bndbox>
</object>
<object>
<name>face</name>
<pose>Unspecified</pose>
<truncated>1</truncated>
<difficult>0</difficult>
<bndbox>
<xmin>206</xmin>
<ymin>20</ymin>
<xmax>255</xmax>
<ymax>93</ymax>
</bndbox>
</object>
<object>
<name>face</name>
<pose>Unspecified</pose>
<truncated>1</truncated>
<difficult>0</difficult>
<bndbox>
<xmin>206</xmin>
<ymin>20</ymin>
<xmax>255</xmax>
<ymax>93</ymax>
</bndbox>
</object>
<object>
<name>face</name>
<pose>Unspecified</pose>
<truncated>1</truncated>
<difficult>0</difficult>
<bndbox>
<xmin>275</xmin>
<ymin>7</ymin>
<xmax>320</xmax>
<ymax>72</ymax>
</bndbox>
</object>
<object>
<name>face</name>
<pose>Unspecified</pose>
<truncated>1</truncated>
<difficult>0</difficult>
<bndbox>
<xmin>275</xmin>
<ymin>7</ymin>
<xmax>320</xmax>
<ymax>72</ymax>
</bndbox>
</object>
<object>
<name>face</name>
<pose>Unspecified</pose>
<truncated>1</truncated>
<difficult>0</difficult>
<bndbox>
<xmin>345</xmin>
<ymin>6</ymin>
<xmax>390</xmax>
<ymax>71</ymax>
</bndbox>
</object>
<object>
<name>face</name>
<pose>Unspecified</pose>
<truncated>1</truncated>
<difficult>0</difficult>
<bndbox>
<xmin>345</xmin>
<ymin>6</ymin>
<xmax>390</xmax>
<ymax>71</ymax>
</bndbox>
</object>
<object>
<name>face</name>
<pose>Unspecified</pose>
<truncated>1</truncated>
<difficult>0</difficult>
<bndbox>
<xmin>240</xmin>
<ymin>100</ymin>
<xmax>315</xmax>
<ymax>211</ymax>
</bndbox>
</object>
<object>
<name>face</name>
<pose>Unspecified</pose>
<truncated>1</truncated>
<difficult>0</difficult>
<bndbox>
<xmin>240</xmin>
<ymin>100</ymin>
<xmax>315</xmax>
<ymax>211</ymax>
</bndbox>
</object>
<object>
<name>face</name>
<pose>Unspecified</pose>
<truncated>1</truncated>
<difficult>0</difficult>
<bndbox>
<xmin>318</xmin>
<ymin>103</ymin>
<xmax>397</xmax>
<ymax>220</ymax>
</bndbox>
</object>
<object>
<name>face</name>
<pose>Unspecified</pose>
<truncated>1</truncated>
<difficult>0</difficult>
<bndbox>
<xmin>318</xmin>
<ymin>103</ymin>
<xmax>397</xmax>
<ymax>220</ymax>
</bndbox>
</object>
<object>
<name>face</name>
<pose>Unspecified</pose>
<truncated>1</truncated>
<difficult>0</difficult>
<bndbox>
<xmin>337</xmin>
<ymin>177</ymin>
<xmax>430</xmax>
<ymax>296</ymax>
</bndbox>
</object>
<object>
<name>face</name>
<pose>Unspecified</pose>
<truncated>1</truncated>
<difficult>0</difficult>
<bndbox>
<xmin>337</xmin>
<ymin>177</ymin>
<xmax>430</xmax>
<ymax>296</ymax>
</bndbox>
</object>
<object>
<name>face</name>
<pose>Unspecified</pose>
<truncated>1</truncated>
<difficult>0</difficult>
<bndbox>
<xmin>71</xmin>
<ymin>51</ymin>
<xmax>140</xmax>
<ymax>152</ymax>
</bndbox>
</object>
<object>
<name>face</name>
<pose>Unspecified</pose>
<truncated>1</truncated>
<difficult>0</difficult>
<bndbox>
<xmin>71</xmin>
<ymin>51</ymin>
<xmax>140</xmax>
<ymax>152</ymax>
</bndbox>
</object>
<object>
<name>face</name>
<pose>Unspecified</pose>
<truncated>1</truncated>
<difficult>0</difficult>
<bndbox>
<xmin>425</xmin>
<ymin>109</ymin>
<xmax>450</xmax>
<ymax>188</ymax>
</bndbox>
</object>
</annotation>
