<?xml version="1.0" ?>
<annotation>
<folder>fddb</folder>
<filename>2002_08_24_big_img_849.jpg</filename>
<source>
<database>fddb Database</database>
<annotation>PASCAL VOC2007</annotation>
<image>flickr</image>
<flickrid>-1</flickrid>
</source>
<owner>
<flickrid>yanyu</flickrid>
<name>yanyu</name>
</owner>
<size>
<width>450</width>
<height>302</height>
<depth>3</depth>
</size>
<segmented>0</segmented>
<object>
<name>face</name>
<pose>Unspecified</pose>
<truncated>1</truncated>
<difficult>0</difficult>
<bndbox>
<xmin>44</xmin>
<ymin>20</ymin>
<xmax>125</xmax>
<ymax>141</ymax>
</bndbox>
</object>
<object>
<name>face</name>
<pose>Unspecified</pose>
<truncated>1</truncated>
<difficult>0</difficult>
<bndbox>
<xmin>44</xmin>
<ymin>20</ymin>
<xmax>125</xmax>
<ymax>141</ymax>
</bndbox>
</object>
<object>
<name>face</name>
<pose>Unspecified</pose>
<truncated>1</truncated>
<difficult>0</difficult>
<bndbox>
<xmin>188</xmin>
<ymin>15</ymin>
<xmax>267</xmax>
<ymax>134</ymax>
</bndbox>
</object>
<object>
<name>face</name>
<pose>Unspecified</pose>
<truncated>1</truncated>
<difficult>0</difficult>
<bndbox>
<xmin>188</xmin>
<ymin>15</ymin>
<xmax>267</xmax>
<ymax>134</ymax>
</bndbox>
</object>
<object>
<name>face</name>
<pose>Unspecified</pose>
<truncated>1</truncated>
<difficult>0</difficult>
<bndbox>
<xmin>351</xmin>
<ymin>79</ymin>
<xmax>426</xmax>
<ymax>188</ymax>
</bndbox>
</object>
<object>
<name>face</name>
<pose>Unspecified</pose>
<truncated>1</truncated>
<difficult>0</difficult>
<bndbox>
<xmin>351</xmin>
<ymin>79</ymin>
<xmax>426</xmax>
<ymax>188</ymax>
</bndbox>
</object>
</annotation>
