<?xml version="1.0" ?>
<annotation>
<folder>fddb</folder>
<filename>2002_08_19_big_img_353.jpg</filename>
<source>
<database>fddb Database</database>
<annotation>PASCAL VOC2007</annotation>
<image>flickr</image>
<flickrid>-1</flickrid>
</source>
<owner>
<flickrid>yanyu</flickrid>
<name>yanyu</name>
</owner>
<size>
<width>450</width>
<height>393</height>
<depth>3</depth>
</size>
<segmented>0</segmented>
<object>
<name>face</name>
<pose>Unspecified</pose>
<truncated>1</truncated>
<difficult>0</difficult>
<bndbox>
<xmin>31</xmin>
<ymin>16</ymin>
<xmax>112</xmax>
<ymax>149</ymax>
</bndbox>
</object>
<object>
<name>face</name>
<pose>Unspecified</pose>
<truncated>1</truncated>
<difficult>0</difficult>
<bndbox>
<xmin>31</xmin>
<ymin>16</ymin>
<xmax>112</xmax>
<ymax>149</ymax>
</bndbox>
</object>
<object>
<name>face</name>
<pose>Unspecified</pose>
<truncated>1</truncated>
<difficult>0</difficult>
<bndbox>
<xmin>170</xmin>
<ymin>17</ymin>
<xmax>253</xmax>
<ymax>152</ymax>
</bndbox>
</object>
<object>
<name>face</name>
<pose>Unspecified</pose>
<truncated>1</truncated>
<difficult>0</difficult>
<bndbox>
<xmin>170</xmin>
<ymin>17</ymin>
<xmax>253</xmax>
<ymax>152</ymax>
</bndbox>
</object>
<object>
<name>face</name>
<pose>Unspecified</pose>
<truncated>1</truncated>
<difficult>0</difficult>
<bndbox>
<xmin>311</xmin>
<ymin>15</ymin>
<xmax>404</xmax>
<ymax>164</ymax>
</bndbox>
</object>
<object>
<name>face</name>
<pose>Unspecified</pose>
<truncated>1</truncated>
<difficult>0</difficult>
<bndbox>
<xmin>311</xmin>
<ymin>15</ymin>
<xmax>404</xmax>
<ymax>164</ymax>
</bndbox>
</object>
<object>
<name>face</name>
<pose>Unspecified</pose>
<truncated>1</truncated>
<difficult>0</difficult>
<bndbox>
<xmin>34</xmin>
<ymin>204</ymin>
<xmax>125</xmax>
<ymax>353</ymax>
</bndbox>
</object>
<object>
<name>face</name>
<pose>Unspecified</pose>
<truncated>1</truncated>
<difficult>0</difficult>
<bndbox>
<xmin>34</xmin>
<ymin>204</ymin>
<xmax>125</xmax>
<ymax>353</ymax>
</bndbox>
</object>
<object>
<name>face</name>
<pose>Unspecified</pose>
<truncated>1</truncated>
<difficult>0</difficult>
<bndbox>
<xmin>164</xmin>
<ymin>205</ymin>
<xmax>263</xmax>
<ymax>348</ymax>
</bndbox>
</object>
<object>
<name>face</name>
<pose>Unspecified</pose>
<truncated>1</truncated>
<difficult>0</difficult>
<bndbox>
<xmin>164</xmin>
<ymin>205</ymin>
<xmax>263</xmax>
<ymax>348</ymax>
</bndbox>
</object>
</annotation>
