<?xml version="1.0" ?>
<annotation>
<folder>fddb</folder>
<filename>2002_08_21_big_img_39.jpg</filename>
<source>
<database>fddb Database</database>
<annotation>PASCAL VOC2007</annotation>
<image>flickr</image>
<flickrid>-1</flickrid>
</source>
<owner>
<flickrid>yanyu</flickrid>
<name>yanyu</name>
</owner>
<size>
<width>315</width>
<height>450</height>
<depth>3</depth>
</size>
<segmented>0</segmented>
<object>
<name>face</name>
<pose>Unspecified</pose>
<truncated>1</truncated>
<difficult>0</difficult>
<bndbox>
<xmin>101</xmin>
<ymin>20</ymin>
<xmax>188</xmax>
<ymax>143</ymax>
</bndbox>
</object>
<object>
<name>face</name>
<pose>Unspecified</pose>
<truncated>1</truncated>
<difficult>0</difficult>
<bndbox>
<xmin>101</xmin>
<ymin>20</ymin>
<xmax>188</xmax>
<ymax>143</ymax>
</bndbox>
</object>
<object>
<name>face</name>
<pose>Unspecified</pose>
<truncated>1</truncated>
<difficult>0</difficult>
<bndbox>
<xmin>12</xmin>
<ymin>37</ymin>
<xmax>143</xmax>
<ymax>254</ymax>
</bndbox>
</object>
<object>
<name>face</name>
<pose>Unspecified</pose>
<truncated>1</truncated>
<difficult>0</difficult>
<bndbox>
<xmin>12</xmin>
<ymin>37</ymin>
<xmax>143</xmax>
<ymax>254</ymax>
</bndbox>
</object>
</annotation>
