<?xml version="1.0" ?>
<annotation>
<folder>fddb</folder>
<filename>2002_08_05_big_img_3450.jpg</filename>
<source>
<database>fddb Database</database>
<annotation>PASCAL VOC2007</annotation>
<image>flickr</image>
<flickrid>-1</flickrid>
</source>
<owner>
<flickrid>yanyu</flickrid>
<name>yanyu</name>
</owner>
<size>
<width>450</width>
<height>331</height>
<depth>3</depth>
</size>
<segmented>0</segmented>
<object>
<name>face</name>
<pose>Unspecified</pose>
<truncated>1</truncated>
<difficult>0</difficult>
<bndbox>
<xmin>76</xmin>
<ymin>110</ymin>
<xmax>143</xmax>
<ymax>203</ymax>
</bndbox>
</object>
<object>
<name>face</name>
<pose>Unspecified</pose>
<truncated>1</truncated>
<difficult>0</difficult>
<bndbox>
<xmin>76</xmin>
<ymin>110</ymin>
<xmax>143</xmax>
<ymax>203</ymax>
</bndbox>
</object>
<object>
<name>face</name>
<pose>Unspecified</pose>
<truncated>1</truncated>
<difficult>0</difficult>
<bndbox>
<xmin>199</xmin>
<ymin>18</ymin>
<xmax>290</xmax>
<ymax>151</ymax>
</bndbox>
</object>
<object>
<name>face</name>
<pose>Unspecified</pose>
<truncated>1</truncated>
<difficult>0</difficult>
<bndbox>
<xmin>199</xmin>
<ymin>18</ymin>
<xmax>290</xmax>
<ymax>151</ymax>
</bndbox>
</object>
</annotation>
