<?xml version="1.0" ?>
<annotation>
<folder>fddb</folder>
<filename>2002_08_21_big_img_663.jpg</filename>
<source>
<database>fddb Database</database>
<annotation>PASCAL VOC2007</annotation>
<image>flickr</image>
<flickrid>-1</flickrid>
</source>
<owner>
<flickrid>yanyu</flickrid>
<name>yanyu</name>
</owner>
<size>
<width>450</width>
<height>321</height>
<depth>3</depth>
</size>
<segmented>0</segmented>
<object>
<name>face</name>
<pose>Unspecified</pose>
<truncated>1</truncated>
<difficult>0</difficult>
<bndbox>
<xmin>5</xmin>
<ymin>113</ymin>
<xmax>82</xmax>
<ymax>226</ymax>
</bndbox>
</object>
<object>
<name>face</name>
<pose>Unspecified</pose>
<truncated>1</truncated>
<difficult>0</difficult>
<bndbox>
<xmin>5</xmin>
<ymin>113</ymin>
<xmax>82</xmax>
<ymax>226</ymax>
</bndbox>
</object>
<object>
<name>face</name>
<pose>Unspecified</pose>
<truncated>1</truncated>
<difficult>0</difficult>
<bndbox>
<xmin>143</xmin>
<ymin>95</ymin>
<xmax>294</xmax>
<ymax>296</ymax>
</bndbox>
</object>
<object>
<name>face</name>
<pose>Unspecified</pose>
<truncated>1</truncated>
<difficult>0</difficult>
<bndbox>
<xmin>143</xmin>
<ymin>95</ymin>
<xmax>294</xmax>
<ymax>296</ymax>
</bndbox>
</object>
<object>
<name>face</name>
<pose>Unspecified</pose>
<truncated>1</truncated>
<difficult>0</difficult>
<bndbox>
<xmin>321</xmin>
<ymin>67</ymin>
<xmax>410</xmax>
<ymax>186</ymax>
</bndbox>
</object>
<object>
<name>face</name>
<pose>Unspecified</pose>
<truncated>1</truncated>
<difficult>0</difficult>
<bndbox>
<xmin>321</xmin>
<ymin>67</ymin>
<xmax>410</xmax>
<ymax>186</ymax>
</bndbox>
</object>
</annotation>
