<?xml version="1.0" ?>
<annotation>
<folder>fddb</folder>
<filename>2002_07_26_big_img_936.jpg</filename>
<source>
<database>fddb Database</database>
<annotation>PASCAL VOC2007</annotation>
<image>flickr</image>
<flickrid>-1</flickrid>
</source>
<owner>
<flickrid>yanyu</flickrid>
<name>yanyu</name>
</owner>
<size>
<width>450</width>
<height>354</height>
<depth>3</depth>
</size>
<segmented>0</segmented>
<object>
<name>face</name>
<pose>Unspecified</pose>
<truncated>1</truncated>
<difficult>0</difficult>
<bndbox>
<xmin>3</xmin>
<ymin>43</ymin>
<xmax>104</xmax>
<ymax>200</ymax>
</bndbox>
</object>
<object>
<name>face</name>
<pose>Unspecified</pose>
<truncated>1</truncated>
<difficult>0</difficult>
<bndbox>
<xmin>3</xmin>
<ymin>43</ymin>
<xmax>104</xmax>
<ymax>200</ymax>
</bndbox>
</object>
<object>
<name>face</name>
<pose>Unspecified</pose>
<truncated>1</truncated>
<difficult>0</difficult>
<bndbox>
<xmin>109</xmin>
<ymin>27</ymin>
<xmax>234</xmax>
<ymax>214</ymax>
</bndbox>
</object>
<object>
<name>face</name>
<pose>Unspecified</pose>
<truncated>1</truncated>
<difficult>0</difficult>
<bndbox>
<xmin>109</xmin>
<ymin>27</ymin>
<xmax>234</xmax>
<ymax>214</ymax>
</bndbox>
</object>
</annotation>
