<?xml version="1.0" ?>
<annotation>
<folder>fddb</folder>
<filename>2002_08_24_big_img_386.jpg</filename>
<source>
<database>fddb Database</database>
<annotation>PASCAL VOC2007</annotation>
<image>flickr</image>
<flickrid>-1</flickrid>
</source>
<owner>
<flickrid>yanyu</flickrid>
<name>yanyu</name>
</owner>
<size>
<width>450</width>
<height>295</height>
<depth>3</depth>
</size>
<segmented>0</segmented>
<object>
<name>face</name>
<pose>Unspecified</pose>
<truncated>1</truncated>
<difficult>0</difficult>
<bndbox>
<xmin>33</xmin>
<ymin>6</ymin>
<xmax>212</xmax>
<ymax>271</ymax>
</bndbox>
</object>
<object>
<name>face</name>
<pose>Unspecified</pose>
<truncated>1</truncated>
<difficult>0</difficult>
<bndbox>
<xmin>33</xmin>
<ymin>6</ymin>
<xmax>212</xmax>
<ymax>271</ymax>
</bndbox>
</object>
<object>
<name>face</name>
<pose>Unspecified</pose>
<truncated>1</truncated>
<difficult>0</difficult>
<bndbox>
<xmin>236</xmin>
<ymin>0</ymin>
<xmax>443</xmax>
<ymax>197</ymax>
</bndbox>
</object>
</annotation>
