<?xml version="1.0" ?>
<annotation>
<folder>fddb</folder>
<filename>2002_07_29_big_img_553.jpg</filename>
<source>
<database>fddb Database</database>
<annotation>PASCAL VOC2007</annotation>
<image>flickr</image>
<flickrid>-1</flickrid>
</source>
<owner>
<flickrid>yanyu</flickrid>
<name>yanyu</name>
</owner>
<size>
<width>450</width>
<height>314</height>
<depth>3</depth>
</size>
<segmented>0</segmented>
<object>
<name>face</name>
<pose>Unspecified</pose>
<truncated>1</truncated>
<difficult>0</difficult>
<bndbox>
<xmin>73</xmin>
<ymin>11</ymin>
<xmax>138</xmax>
<ymax>116</ymax>
</bndbox>
</object>
<object>
<name>face</name>
<pose>Unspecified</pose>
<truncated>1</truncated>
<difficult>0</difficult>
<bndbox>
<xmin>73</xmin>
<ymin>11</ymin>
<xmax>138</xmax>
<ymax>116</ymax>
</bndbox>
</object>
<object>
<name>face</name>
<pose>Unspecified</pose>
<truncated>1</truncated>
<difficult>0</difficult>
<bndbox>
<xmin>200</xmin>
<ymin>47</ymin>
<xmax>265</xmax>
<ymax>140</ymax>
</bndbox>
</object>
<object>
<name>face</name>
<pose>Unspecified</pose>
<truncated>1</truncated>
<difficult>0</difficult>
<bndbox>
<xmin>200</xmin>
<ymin>47</ymin>
<xmax>265</xmax>
<ymax>140</ymax>
</bndbox>
</object>
<object>
<name>face</name>
<pose>Unspecified</pose>
<truncated>1</truncated>
<difficult>0</difficult>
<bndbox>
<xmin>328</xmin>
<ymin>11</ymin>
<xmax>395</xmax>
<ymax>112</ymax>
</bndbox>
</object>
<object>
<name>face</name>
<pose>Unspecified</pose>
<truncated>1</truncated>
<difficult>0</difficult>
<bndbox>
<xmin>328</xmin>
<ymin>11</ymin>
<xmax>395</xmax>
<ymax>112</ymax>
</bndbox>
</object>
</annotation>
