<?xml version="1.0" ?>
<annotation>
<folder>fddb</folder>
<filename>2002_07_23_big_img_474.jpg</filename>
<source>
<database>fddb Database</database>
<annotation>PASCAL VOC2007</annotation>
<image>flickr</image>
<flickrid>-1</flickrid>
</source>
<owner>
<flickrid>yanyu</flickrid>
<name>yanyu</name>
</owner>
<size>
<width>373</width>
<height>450</height>
<depth>3</depth>
</size>
<segmented>0</segmented>
<object>
<name>face</name>
<pose>Unspecified</pose>
<truncated>1</truncated>
<difficult>0</difficult>
<bndbox>
<xmin>125</xmin>
<ymin>13</ymin>
<xmax>243</xmax>
<ymax>192</ymax>
</bndbox>
</object>
<object>
<name>face</name>
<pose>Unspecified</pose>
<truncated>1</truncated>
<difficult>0</difficult>
<bndbox>
<xmin>125</xmin>
<ymin>13</ymin>
<xmax>244</xmax>
<ymax>192</ymax>
</bndbox>
</object>
<object>
<name>face</name>
<pose>Unspecified</pose>
<truncated>1</truncated>
<difficult>0</difficult>
<bndbox>
<xmin>253</xmin>
<ymin>49</ymin>
<xmax>348</xmax>
<ymax>204</ymax>
</bndbox>
</object>
<object>
<name>face</name>
<pose>Unspecified</pose>
<truncated>1</truncated>
<difficult>0</difficult>
<bndbox>
<xmin>253</xmin>
<ymin>49</ymin>
<xmax>348</xmax>
<ymax>204</ymax>
</bndbox>
</object>
</annotation>
