<?xml version="1.0" ?>
<annotation>
<folder>fddb</folder>
<filename>2002_08_25_big_img_419.jpg</filename>
<source>
<database>fddb Database</database>
<annotation>PASCAL VOC2007</annotation>
<image>flickr</image>
<flickrid>-1</flickrid>
</source>
<owner>
<flickrid>yanyu</flickrid>
<name>yanyu</name>
</owner>
<size>
<width>450</width>
<height>331</height>
<depth>3</depth>
</size>
<segmented>0</segmented>
<object>
<name>face</name>
<pose>Unspecified</pose>
<truncated>1</truncated>
<difficult>0</difficult>
<bndbox>
<xmin>82</xmin>
<ymin>9</ymin>
<xmax>165</xmax>
<ymax>126</ymax>
</bndbox>
</object>
<object>
<name>face</name>
<pose>Unspecified</pose>
<truncated>1</truncated>
<difficult>0</difficult>
<bndbox>
<xmin>82</xmin>
<ymin>9</ymin>
<xmax>165</xmax>
<ymax>126</ymax>
</bndbox>
</object>
<object>
<name>face</name>
<pose>Unspecified</pose>
<truncated>1</truncated>
<difficult>0</difficult>
<bndbox>
<xmin>243</xmin>
<ymin>29</ymin>
<xmax>318</xmax>
<ymax>128</ymax>
</bndbox>
</object>
<object>
<name>face</name>
<pose>Unspecified</pose>
<truncated>1</truncated>
<difficult>0</difficult>
<bndbox>
<xmin>243</xmin>
<ymin>29</ymin>
<xmax>318</xmax>
<ymax>128</ymax>
</bndbox>
</object>
</annotation>
