<?xml version="1.0" ?>
<annotation>
<folder>fddb</folder>
<filename>2002_08_26_big_img_360.jpg</filename>
<source>
<database>fddb Database</database>
<annotation>PASCAL VOC2007</annotation>
<image>flickr</image>
<flickrid>-1</flickrid>
</source>
<owner>
<flickrid>yanyu</flickrid>
<name>yanyu</name>
</owner>
<size>
<width>324</width>
<height>450</height>
<depth>3</depth>
</size>
<segmented>0</segmented>
<object>
<name>face</name>
<pose>Unspecified</pose>
<truncated>1</truncated>
<difficult>0</difficult>
<bndbox>
<xmin>60</xmin>
<ymin>22</ymin>
<xmax>139</xmax>
<ymax>137</ymax>
</bndbox>
</object>
<object>
<name>face</name>
<pose>Unspecified</pose>
<truncated>1</truncated>
<difficult>0</difficult>
<bndbox>
<xmin>60</xmin>
<ymin>22</ymin>
<xmax>139</xmax>
<ymax>137</ymax>
</bndbox>
</object>
<object>
<name>face</name>
<pose>Unspecified</pose>
<truncated>1</truncated>
<difficult>0</difficult>
<bndbox>
<xmin>185</xmin>
<ymin>73</ymin>
<xmax>254</xmax>
<ymax>178</ymax>
</bndbox>
</object>
<object>
<name>face</name>
<pose>Unspecified</pose>
<truncated>1</truncated>
<difficult>0</difficult>
<bndbox>
<xmin>185</xmin>
<ymin>73</ymin>
<xmax>254</xmax>
<ymax>178</ymax>
</bndbox>
</object>
<object>
<name>face</name>
<pose>Unspecified</pose>
<truncated>1</truncated>
<difficult>0</difficult>
<bndbox>
<xmin>300</xmin>
<ymin>64</ymin>
<xmax>324</xmax>
<ymax>133</ymax>
</bndbox>
</object>
</annotation>
