<?xml version="1.0" ?>
<annotation>
<folder>fddb</folder>
<filename>2002_07_24_big_img_762.jpg</filename>
<source>
<database>fddb Database</database>
<annotation>PASCAL VOC2007</annotation>
<image>flickr</image>
<flickrid>-1</flickrid>
</source>
<owner>
<flickrid>yanyu</flickrid>
<name>yanyu</name>
</owner>
<size>
<width>294</width>
<height>450</height>
<depth>3</depth>
</size>
<segmented>0</segmented>
<object>
<name>face</name>
<pose>Unspecified</pose>
<truncated>1</truncated>
<difficult>0</difficult>
<bndbox>
<xmin>82</xmin>
<ymin>33</ymin>
<xmax>217</xmax>
<ymax>226</ymax>
</bndbox>
</object>
<object>
<name>face</name>
<pose>Unspecified</pose>
<truncated>1</truncated>
<difficult>0</difficult>
<bndbox>
<xmin>82</xmin>
<ymin>33</ymin>
<xmax>217</xmax>
<ymax>226</ymax>
</bndbox>
</object>
<object>
<name>face</name>
<pose>Unspecified</pose>
<truncated>1</truncated>
<difficult>0</difficult>
<bndbox>
<xmin>243</xmin>
<ymin>147</ymin>
<xmax>294</xmax>
<ymax>276</ymax>
</bndbox>
</object>
</annotation>
