<?xml version="1.0" ?>
<annotation>
<folder>fddb</folder>
<filename>2002_08_11_big_img_496.jpg</filename>
<source>
<database>fddb Database</database>
<annotation>PASCAL VOC2007</annotation>
<image>flickr</image>
<flickrid>-1</flickrid>
</source>
<owner>
<flickrid>yanyu</flickrid>
<name>yanyu</name>
</owner>
<size>
<width>449</width>
<height>261</height>
<depth>3</depth>
</size>
<segmented>0</segmented>
<object>
<name>face</name>
<pose>Unspecified</pose>
<truncated>1</truncated>
<difficult>0</difficult>
<bndbox>
<xmin>25</xmin>
<ymin>58</ymin>
<xmax>94</xmax>
<ymax>171</ymax>
</bndbox>
</object>
<object>
<name>face</name>
<pose>Unspecified</pose>
<truncated>1</truncated>
<difficult>0</difficult>
<bndbox>
<xmin>25</xmin>
<ymin>58</ymin>
<xmax>94</xmax>
<ymax>171</ymax>
</bndbox>
</object>
<object>
<name>face</name>
<pose>Unspecified</pose>
<truncated>1</truncated>
<difficult>0</difficult>
<bndbox>
<xmin>130</xmin>
<ymin>60</ymin>
<xmax>203</xmax>
<ymax>183</ymax>
</bndbox>
</object>
<object>
<name>face</name>
<pose>Unspecified</pose>
<truncated>1</truncated>
<difficult>0</difficult>
<bndbox>
<xmin>130</xmin>
<ymin>60</ymin>
<xmax>203</xmax>
<ymax>183</ymax>
</bndbox>
</object>
<object>
<name>face</name>
<pose>Unspecified</pose>
<truncated>1</truncated>
<difficult>0</difficult>
<bndbox>
<xmin>241</xmin>
<ymin>57</ymin>
<xmax>320</xmax>
<ymax>176</ymax>
</bndbox>
</object>
<object>
<name>face</name>
<pose>Unspecified</pose>
<truncated>1</truncated>
<difficult>0</difficult>
<bndbox>
<xmin>241</xmin>
<ymin>57</ymin>
<xmax>320</xmax>
<ymax>176</ymax>
</bndbox>
</object>
<object>
<name>face</name>
<pose>Unspecified</pose>
<truncated>1</truncated>
<difficult>0</difficult>
<bndbox>
<xmin>354</xmin>
<ymin>60</ymin>
<xmax>425</xmax>
<ymax>169</ymax>
</bndbox>
</object>
<object>
<name>face</name>
<pose>Unspecified</pose>
<truncated>1</truncated>
<difficult>0</difficult>
<bndbox>
<xmin>354</xmin>
<ymin>60</ymin>
<xmax>425</xmax>
<ymax>169</ymax>
</bndbox>
</object>
</annotation>
