<?xml version="1.0" ?>
<annotation>
<folder>fddb</folder>
<filename>2002_08_23_big_img_607.jpg</filename>
<source>
<database>fddb Database</database>
<annotation>PASCAL VOC2007</annotation>
<image>flickr</image>
<flickrid>-1</flickrid>
</source>
<owner>
<flickrid>yanyu</flickrid>
<name>yanyu</name>
</owner>
<size>
<width>312</width>
<height>449</height>
<depth>3</depth>
</size>
<segmented>0</segmented>
<object>
<name>face</name>
<pose>Unspecified</pose>
<truncated>1</truncated>
<difficult>0</difficult>
<bndbox>
<xmin>59</xmin>
<ymin>21</ymin>
<xmax>148</xmax>
<ymax>166</ymax>
</bndbox>
</object>
<object>
<name>face</name>
<pose>Unspecified</pose>
<truncated>1</truncated>
<difficult>0</difficult>
<bndbox>
<xmin>59</xmin>
<ymin>21</ymin>
<xmax>148</xmax>
<ymax>166</ymax>
</bndbox>
</object>
<object>
<name>face</name>
<pose>Unspecified</pose>
<truncated>1</truncated>
<difficult>0</difficult>
<bndbox>
<xmin>155</xmin>
<ymin>1</ymin>
<xmax>238</xmax>
<ymax>128</ymax>
</bndbox>
</object>
<object>
<name>face</name>
<pose>Unspecified</pose>
<truncated>1</truncated>
<difficult>0</difficult>
<bndbox>
<xmin>155</xmin>
<ymin>1</ymin>
<xmax>238</xmax>
<ymax>128</ymax>
</bndbox>
</object>
</annotation>
