<?xml version="1.0" ?>
<annotation>
<folder>fddb</folder>
<filename>2003_01_14_big_img_882.jpg</filename>
<source>
<database>fddb Database</database>
<annotation>PASCAL VOC2007</annotation>
<image>flickr</image>
<flickrid>-1</flickrid>
</source>
<owner>
<flickrid>yanyu</flickrid>
<name>yanyu</name>
</owner>
<size>
<width>256</width>
<height>410</height>
<depth>3</depth>
</size>
<segmented>0</segmented>
<object>
<name>face</name>
<pose>Unspecified</pose>
<truncated>1</truncated>
<difficult>0</difficult>
<bndbox>
<xmin>90</xmin>
<ymin>50</ymin>
<xmax>153</xmax>
<ymax>147</ymax>
</bndbox>
</object>
<object>
<name>face</name>
<pose>Unspecified</pose>
<truncated>1</truncated>
<difficult>0</difficult>
<bndbox>
<xmin>90</xmin>
<ymin>50</ymin>
<xmax>153</xmax>
<ymax>147</ymax>
</bndbox>
</object>
<object>
<name>face</name>
<pose>Unspecified</pose>
<truncated>1</truncated>
<difficult>0</difficult>
<bndbox>
<xmin>36</xmin>
<ymin>1</ymin>
<xmax>91</xmax>
<ymax>80</ymax>
</bndbox>
</object>
<object>
<name>face</name>
<pose>Unspecified</pose>
<truncated>1</truncated>
<difficult>0</difficult>
<bndbox>
<xmin>36</xmin>
<ymin>1</ymin>
<xmax>91</xmax>
<ymax>80</ymax>
</bndbox>
</object>
<object>
<name>face</name>
<pose>Unspecified</pose>
<truncated>1</truncated>
<difficult>0</difficult>
<bndbox>
<xmin>183</xmin>
<ymin>10</ymin>
<xmax>244</xmax>
<ymax>93</ymax>
</bndbox>
</object>
<object>
<name>face</name>
<pose>Unspecified</pose>
<truncated>1</truncated>
<difficult>0</difficult>
<bndbox>
<xmin>183</xmin>
<ymin>10</ymin>
<xmax>244</xmax>
<ymax>93</ymax>
</bndbox>
</object>
</annotation>
