<?xml version="1.0" ?>
<annotation>
<folder>fddb</folder>
<filename>2003_01_15_big_img_782.jpg</filename>
<source>
<database>fddb Database</database>
<annotation>PASCAL VOC2007</annotation>
<image>flickr</image>
<flickrid>-1</flickrid>
</source>
<owner>
<flickrid>yanyu</flickrid>
<name>yanyu</name>
</owner>
<size>
<width>250</width>
<height>409</height>
<depth>3</depth>
</size>
<segmented>0</segmented>
<object>
<name>face</name>
<pose>Unspecified</pose>
<truncated>1</truncated>
<difficult>0</difficult>
<bndbox>
<xmin>91</xmin>
<ymin>9</ymin>
<xmax>154</xmax>
<ymax>110</ymax>
</bndbox>
</object>
<object>
<name>face</name>
<pose>Unspecified</pose>
<truncated>1</truncated>
<difficult>0</difficult>
<bndbox>
<xmin>91</xmin>
<ymin>9</ymin>
<xmax>154</xmax>
<ymax>110</ymax>
</bndbox>
</object>
<object>
<name>face</name>
<pose>Unspecified</pose>
<truncated>1</truncated>
<difficult>0</difficult>
<bndbox>
<xmin>195</xmin>
<ymin>25</ymin>
<xmax>226</xmax>
<ymax>74</ymax>
</bndbox>
</object>
<object>
<name>face</name>
<pose>Unspecified</pose>
<truncated>1</truncated>
<difficult>0</difficult>
<bndbox>
<xmin>195</xmin>
<ymin>25</ymin>
<xmax>226</xmax>
<ymax>74</ymax>
</bndbox>
</object>
</annotation>
