<?xml version="1.0" ?>
<annotation>
<folder>fddb</folder>
<filename>2003_01_14_big_img_41.jpg</filename>
<source>
<database>fddb Database</database>
<annotation>PASCAL VOC2007</annotation>
<image>flickr</image>
<flickrid>-1</flickrid>
</source>
<owner>
<flickrid>yanyu</flickrid>
<name>yanyu</name>
</owner>
<size>
<width>409</width>
<height>289</height>
<depth>3</depth>
</size>
<segmented>0</segmented>
<object>
<name>face</name>
<pose>Unspecified</pose>
<truncated>1</truncated>
<difficult>0</difficult>
<bndbox>
<xmin>44</xmin>
<ymin>65</ymin>
<xmax>73</xmax>
<ymax>106</ymax>
</bndbox>
</object>
<object>
<name>face</name>
<pose>Unspecified</pose>
<truncated>1</truncated>
<difficult>0</difficult>
<bndbox>
<xmin>44</xmin>
<ymin>65</ymin>
<xmax>73</xmax>
<ymax>106</ymax>
</bndbox>
</object>
<object>
<name>face</name>
<pose>Unspecified</pose>
<truncated>1</truncated>
<difficult>0</difficult>
<bndbox>
<xmin>86</xmin>
<ymin>13</ymin>
<xmax>171</xmax>
<ymax>142</ymax>
</bndbox>
</object>
<object>
<name>face</name>
<pose>Unspecified</pose>
<truncated>1</truncated>
<difficult>0</difficult>
<bndbox>
<xmin>86</xmin>
<ymin>13</ymin>
<xmax>171</xmax>
<ymax>142</ymax>
</bndbox>
</object>
<object>
<name>face</name>
<pose>Unspecified</pose>
<truncated>1</truncated>
<difficult>0</difficult>
<bndbox>
<xmin>219</xmin>
<ymin>73</ymin>
<xmax>310</xmax>
<ymax>208</ymax>
</bndbox>
</object>
<object>
<name>face</name>
<pose>Unspecified</pose>
<truncated>1</truncated>
<difficult>0</difficult>
<bndbox>
<xmin>219</xmin>
<ymin>73</ymin>
<xmax>310</xmax>
<ymax>208</ymax>
</bndbox>
</object>
</annotation>
