<?xml version="1.0" ?>
<annotation>
<folder>fddb</folder>
<filename>2003_01_13_big_img_726.jpg</filename>
<source>
<database>fddb Database</database>
<annotation>PASCAL VOC2007</annotation>
<image>flickr</image>
<flickrid>-1</flickrid>
</source>
<owner>
<flickrid>yanyu</flickrid>
<name>yanyu</name>
</owner>
<size>
<width>382</width>
<height>450</height>
<depth>3</depth>
</size>
<segmented>0</segmented>
<object>
<name>face</name>
<pose>Unspecified</pose>
<truncated>1</truncated>
<difficult>0</difficult>
<bndbox>
<xmin>70</xmin>
<ymin>51</ymin>
<xmax>128</xmax>
<ymax>118</ymax>
</bndbox>
</object>
<object>
<name>face</name>
<pose>Unspecified</pose>
<truncated>1</truncated>
<difficult>0</difficult>
<bndbox>
<xmin>69</xmin>
<ymin>51</ymin>
<xmax>128</xmax>
<ymax>118</ymax>
</bndbox>
</object>
<object>
<name>face</name>
<pose>Unspecified</pose>
<truncated>1</truncated>
<difficult>0</difficult>
<bndbox>
<xmin>259</xmin>
<ymin>52</ymin>
<xmax>324</xmax>
<ymax>135</ymax>
</bndbox>
</object>
<object>
<name>face</name>
<pose>Unspecified</pose>
<truncated>1</truncated>
<difficult>0</difficult>
<bndbox>
<xmin>259</xmin>
<ymin>52</ymin>
<xmax>324</xmax>
<ymax>135</ymax>
</bndbox>
</object>
</annotation>
