<?xml version="1.0" ?>
<annotation>
<folder>fddb</folder>
<filename>2003_01_17_big_img_427.jpg</filename>
<source>
<database>fddb Database</database>
<annotation>PASCAL VOC2007</annotation>
<image>flickr</image>
<flickrid>-1</flickrid>
</source>
<owner>
<flickrid>yanyu</flickrid>
<name>yanyu</name>
</owner>
<size>
<width>273</width>
<height>409</height>
<depth>3</depth>
</size>
<segmented>0</segmented>
<object>
<name>face</name>
<pose>Unspecified</pose>
<truncated>1</truncated>
<difficult>0</difficult>
<bndbox>
<xmin>77</xmin>
<ymin>39</ymin>
<xmax>204</xmax>
<ymax>234</ymax>
</bndbox>
</object>
<object>
<name>face</name>
<pose>Unspecified</pose>
<truncated>1</truncated>
<difficult>0</difficult>
<bndbox>
<xmin>77</xmin>
<ymin>39</ymin>
<xmax>204</xmax>
<ymax>234</ymax>
</bndbox>
</object>
</annotation>
