<?xml version="1.0" ?>
<annotation>
<folder>fddb</folder>
<filename>2003_01_13_big_img_417.jpg</filename>
<source>
<database>fddb Database</database>
<annotation>PASCAL VOC2007</annotation>
<image>flickr</image>
<flickrid>-1</flickrid>
</source>
<owner>
<flickrid>yanyu</flickrid>
<name>yanyu</name>
</owner>
<size>
<width>343</width>
<height>410</height>
<depth>3</depth>
</size>
<segmented>0</segmented>
<object>
<name>face</name>
<pose>Unspecified</pose>
<truncated>1</truncated>
<difficult>0</difficult>
<bndbox>
<xmin>221</xmin>
<ymin>20</ymin>
<xmax>288</xmax>
<ymax>107</ymax>
</bndbox>
</object>
<object>
<name>face</name>
<pose>Unspecified</pose>
<truncated>1</truncated>
<difficult>0</difficult>
<bndbox>
<xmin>221</xmin>
<ymin>20</ymin>
<xmax>288</xmax>
<ymax>107</ymax>
</bndbox>
</object>
<object>
<name>face</name>
<pose>Unspecified</pose>
<truncated>1</truncated>
<difficult>0</difficult>
<bndbox>
<xmin>103</xmin>
<ymin>25</ymin>
<xmax>170</xmax>
<ymax>107</ymax>
</bndbox>
</object>
<object>
<name>face</name>
<pose>Unspecified</pose>
<truncated>1</truncated>
<difficult>0</difficult>
<bndbox>
<xmin>103</xmin>
<ymin>25</ymin>
<xmax>170</xmax>
<ymax>108</ymax>
</bndbox>
</object>
<object>
<name>face</name>
<pose>Unspecified</pose>
<truncated>1</truncated>
<difficult>0</difficult>
<bndbox>
<xmin>0</xmin>
<ymin>4</ymin>
<xmax>43</xmax>
<ymax>73</ymax>
</bndbox>
</object>
<object>
<name>face</name>
<pose>Unspecified</pose>
<truncated>1</truncated>
<difficult>0</difficult>
<bndbox>
<xmin>105</xmin>
<ymin>0</ymin>
<xmax>152</xmax>
<ymax>49</ymax>
</bndbox>
</object>
</annotation>
