<?xml version="1.0" ?>
<annotation>
<folder>fddb</folder>
<filename>2003_01_13_big_img_294.jpg</filename>
<source>
<database>fddb Database</database>
<annotation>PASCAL VOC2007</annotation>
<image>flickr</image>
<flickrid>-1</flickrid>
</source>
<owner>
<flickrid>yanyu</flickrid>
<name>yanyu</name>
</owner>
<size>
<width>307</width>
<height>410</height>
<depth>3</depth>
</size>
<segmented>0</segmented>
<object>
<name>face</name>
<pose>Unspecified</pose>
<truncated>1</truncated>
<difficult>0</difficult>
<bndbox>
<xmin>104</xmin>
<ymin>9</ymin>
<xmax>193</xmax>
<ymax>132</ymax>
</bndbox>
</object>
<object>
<name>face</name>
<pose>Unspecified</pose>
<truncated>1</truncated>
<difficult>0</difficult>
<bndbox>
<xmin>104</xmin>
<ymin>9</ymin>
<xmax>193</xmax>
<ymax>132</ymax>
</bndbox>
</object>
<object>
<name>face</name>
<pose>Unspecified</pose>
<truncated>1</truncated>
<difficult>0</difficult>
<bndbox>
<xmin>240</xmin>
<ymin>113</ymin>
<xmax>257</xmax>
<ymax>140</ymax>
</bndbox>
</object>
<object>
<name>face</name>
<pose>Unspecified</pose>
<truncated>1</truncated>
<difficult>0</difficult>
<bndbox>
<xmin>240</xmin>
<ymin>113</ymin>
<xmax>257</xmax>
<ymax>140</ymax>
</bndbox>
</object>
</annotation>
