<?xml version="1.0" ?>
<annotation>
<folder>fddb</folder>
<filename>2003_01_16_big_img_70.jpg</filename>
<source>
<database>fddb Database</database>
<annotation>PASCAL VOC2007</annotation>
<image>flickr</image>
<flickrid>-1</flickrid>
</source>
<owner>
<flickrid>yanyu</flickrid>
<name>yanyu</name>
</owner>
<size>
<width>292</width>
<height>450</height>
<depth>3</depth>
</size>
<segmented>0</segmented>
<object>
<name>face</name>
<pose>Unspecified</pose>
<truncated>1</truncated>
<difficult>0</difficult>
<bndbox>
<xmin>58</xmin>
<ymin>40</ymin>
<xmax>221</xmax>
<ymax>295</ymax>
</bndbox>
</object>
<object>
<name>face</name>
<pose>Unspecified</pose>
<truncated>1</truncated>
<difficult>0</difficult>
<bndbox>
<xmin>58</xmin>
<ymin>40</ymin>
<xmax>221</xmax>
<ymax>295</ymax>
</bndbox>
</object>
<object>
<name>face</name>
<pose>Unspecified</pose>
<truncated>1</truncated>
<difficult>0</difficult>
<bndbox>
<xmin>21</xmin>
<ymin>231</ymin>
<xmax>68</xmax>
<ymax>300</ymax>
</bndbox>
</object>
<object>
<name>face</name>
<pose>Unspecified</pose>
<truncated>1</truncated>
<difficult>0</difficult>
<bndbox>
<xmin>21</xmin>
<ymin>231</ymin>
<xmax>68</xmax>
<ymax>300</ymax>
</bndbox>
</object>
</annotation>
