<?xml version="1.0" ?>
<annotation>
<folder>fddb</folder>
<filename>2003_01_14_big_img_33.jpg</filename>
<source>
<database>fddb Database</database>
<annotation>PASCAL VOC2007</annotation>
<image>flickr</image>
<flickrid>-1</flickrid>
</source>
<owner>
<flickrid>yanyu</flickrid>
<name>yanyu</name>
</owner>
<size>
<width>409</width>
<height>285</height>
<depth>3</depth>
</size>
<segmented>0</segmented>
<object>
<name>face</name>
<pose>Unspecified</pose>
<truncated>1</truncated>
<difficult>0</difficult>
<bndbox>
<xmin>115</xmin>
<ymin>21</ymin>
<xmax>192</xmax>
<ymax>146</ymax>
</bndbox>
</object>
<object>
<name>face</name>
<pose>Unspecified</pose>
<truncated>1</truncated>
<difficult>0</difficult>
<bndbox>
<xmin>115</xmin>
<ymin>21</ymin>
<xmax>192</xmax>
<ymax>146</ymax>
</bndbox>
</object>
<object>
<name>face</name>
<pose>Unspecified</pose>
<truncated>1</truncated>
<difficult>0</difficult>
<bndbox>
<xmin>227</xmin>
<ymin>56</ymin>
<xmax>308</xmax>
<ymax>177</ymax>
</bndbox>
</object>
<object>
<name>face</name>
<pose>Unspecified</pose>
<truncated>1</truncated>
<difficult>0</difficult>
<bndbox>
<xmin>227</xmin>
<ymin>56</ymin>
<xmax>308</xmax>
<ymax>177</ymax>
</bndbox>
</object>
<object>
<name>face</name>
<pose>Unspecified</pose>
<truncated>1</truncated>
<difficult>0</difficult>
<bndbox>
<xmin>372</xmin>
<ymin>129</ymin>
<xmax>405</xmax>
<ymax>174</ymax>
</bndbox>
</object>
<object>
<name>face</name>
<pose>Unspecified</pose>
<truncated>1</truncated>
<difficult>0</difficult>
<bndbox>
<xmin>372</xmin>
<ymin>129</ymin>
<xmax>405</xmax>
<ymax>174</ymax>
</bndbox>
</object>
</annotation>
