<?xml version="1.0" ?>
<annotation>
<folder>fddb</folder>
<filename>2003_01_17_big_img_612.jpg</filename>
<source>
<database>fddb Database</database>
<annotation>PASCAL VOC2007</annotation>
<image>flickr</image>
<flickrid>-1</flickrid>
</source>
<owner>
<flickrid>yanyu</flickrid>
<name>yanyu</name>
</owner>
<size>
<width>410</width>
<height>308</height>
<depth>3</depth>
</size>
<segmented>0</segmented>
<object>
<name>face</name>
<pose>Unspecified</pose>
<truncated>1</truncated>
<difficult>0</difficult>
<bndbox>
<xmin>152</xmin>
<ymin>19</ymin>
<xmax>259</xmax>
<ymax>182</ymax>
</bndbox>
</object>
<object>
<name>face</name>
<pose>Unspecified</pose>
<truncated>1</truncated>
<difficult>0</difficult>
<bndbox>
<xmin>152</xmin>
<ymin>19</ymin>
<xmax>259</xmax>
<ymax>182</ymax>
</bndbox>
</object>
<object>
<name>face</name>
<pose>Unspecified</pose>
<truncated>1</truncated>
<difficult>0</difficult>
<bndbox>
<xmin>355</xmin>
<ymin>35</ymin>
<xmax>392</xmax>
<ymax>90</ymax>
</bndbox>
</object>
<object>
<name>face</name>
<pose>Unspecified</pose>
<truncated>1</truncated>
<difficult>0</difficult>
<bndbox>
<xmin>355</xmin>
<ymin>35</ymin>
<xmax>392</xmax>
<ymax>90</ymax>
</bndbox>
</object>
</annotation>
