<?xml version="1.0" ?>
<annotation>
<folder>fddb</folder>
<filename>2003_01_17_big_img_1007.jpg</filename>
<source>
<database>fddb Database</database>
<annotation>PASCAL VOC2007</annotation>
<image>flickr</image>
<flickrid>-1</flickrid>
</source>
<owner>
<flickrid>yanyu</flickrid>
<name>yanyu</name>
</owner>
<size>
<width>410</width>
<height>360</height>
<depth>3</depth>
</size>
<segmented>0</segmented>
<object>
<name>face</name>
<pose>Unspecified</pose>
<truncated>1</truncated>
<difficult>0</difficult>
<bndbox>
<xmin>171</xmin>
<ymin>17</ymin>
<xmax>346</xmax>
<ymax>262</ymax>
</bndbox>
</object>
<object>
<name>face</name>
<pose>Unspecified</pose>
<truncated>1</truncated>
<difficult>0</difficult>
<bndbox>
<xmin>171</xmin>
<ymin>17</ymin>
<xmax>346</xmax>
<ymax>262</ymax>
</bndbox>
</object>
<object>
<name>face</name>
<pose>Unspecified</pose>
<truncated>1</truncated>
<difficult>0</difficult>
<bndbox>
<xmin>266</xmin>
<ymin>118</ymin>
<xmax>385</xmax>
<ymax>285</ymax>
</bndbox>
</object>
<object>
<name>face</name>
<pose>Unspecified</pose>
<truncated>1</truncated>
<difficult>0</difficult>
<bndbox>
<xmin>266</xmin>
<ymin>118</ymin>
<xmax>385</xmax>
<ymax>285</ymax>
</bndbox>
</object>
</annotation>
