<?xml version="1.0" ?>
<annotation>
<folder>fddb</folder>
<filename>2003_01_16_big_img_696.jpg</filename>
<source>
<database>fddb Database</database>
<annotation>PASCAL VOC2007</annotation>
<image>flickr</image>
<flickrid>-1</flickrid>
</source>
<owner>
<flickrid>yanyu</flickrid>
<name>yanyu</name>
</owner>
<size>
<width>410</width>
<height>272</height>
<depth>3</depth>
</size>
<segmented>0</segmented>
<object>
<name>face</name>
<pose>Unspecified</pose>
<truncated>1</truncated>
<difficult>0</difficult>
<bndbox>
<xmin>45</xmin>
<ymin>11</ymin>
<xmax>110</xmax>
<ymax>114</ymax>
</bndbox>
</object>
<object>
<name>face</name>
<pose>Unspecified</pose>
<truncated>1</truncated>
<difficult>0</difficult>
<bndbox>
<xmin>45</xmin>
<ymin>11</ymin>
<xmax>110</xmax>
<ymax>114</ymax>
</bndbox>
</object>
<object>
<name>face</name>
<pose>Unspecified</pose>
<truncated>1</truncated>
<difficult>0</difficult>
<bndbox>
<xmin>119</xmin>
<ymin>43</ymin>
<xmax>208</xmax>
<ymax>170</ymax>
</bndbox>
</object>
<object>
<name>face</name>
<pose>Unspecified</pose>
<truncated>1</truncated>
<difficult>0</difficult>
<bndbox>
<xmin>119</xmin>
<ymin>43</ymin>
<xmax>208</xmax>
<ymax>170</ymax>
</bndbox>
</object>
<object>
<name>face</name>
<pose>Unspecified</pose>
<truncated>1</truncated>
<difficult>0</difficult>
<bndbox>
<xmin>242</xmin>
<ymin>215</ymin>
<xmax>265</xmax>
<ymax>252</ymax>
</bndbox>
</object>
<object>
<name>face</name>
<pose>Unspecified</pose>
<truncated>1</truncated>
<difficult>0</difficult>
<bndbox>
<xmin>242</xmin>
<ymin>215</ymin>
<xmax>265</xmax>
<ymax>252</ymax>
</bndbox>
</object>
<object>
<name>face</name>
<pose>Unspecified</pose>
<truncated>1</truncated>
<difficult>0</difficult>
<bndbox>
<xmin>287</xmin>
<ymin>173</ymin>
<xmax>310</xmax>
<ymax>220</ymax>
</bndbox>
</object>
<object>
<name>face</name>
<pose>Unspecified</pose>
<truncated>1</truncated>
<difficult>0</difficult>
<bndbox>
<xmin>287</xmin>
<ymin>173</ymin>
<xmax>310</xmax>
<ymax>220</ymax>
</bndbox>
</object>
</annotation>
