<?xml version="1.0" ?>
<annotation>
<folder>fddb</folder>
<filename>2003_01_01_big_img_331.jpg</filename>
<source>
<database>fddb Database</database>
<annotation>PASCAL VOC2007</annotation>
<image>flickr</image>
<flickrid>-1</flickrid>
</source>
<owner>
<flickrid>yanyu</flickrid>
<name>yanyu</name>
</owner>
<size>
<width>410</width>
<height>450</height>
<depth>3</depth>
</size>
<segmented>0</segmented>
<object>
<name>face</name>
<pose>Unspecified</pose>
<truncated>1</truncated>
<difficult>0</difficult>
<bndbox>
<xmin>134</xmin>
<ymin>13</ymin>
<xmax>251</xmax>
<ymax>180</ymax>
</bndbox>
</object>
<object>
<name>face</name>
<pose>Unspecified</pose>
<truncated>1</truncated>
<difficult>0</difficult>
<bndbox>
<xmin>134</xmin>
<ymin>13</ymin>
<xmax>251</xmax>
<ymax>180</ymax>
</bndbox>
</object>
<object>
<name>face</name>
<pose>Unspecified</pose>
<truncated>1</truncated>
<difficult>0</difficult>
<bndbox>
<xmin>46</xmin>
<ymin>84</ymin>
<xmax>145</xmax>
<ymax>237</ymax>
</bndbox>
</object>
<object>
<name>face</name>
<pose>Unspecified</pose>
<truncated>1</truncated>
<difficult>0</difficult>
<bndbox>
<xmin>46</xmin>
<ymin>84</ymin>
<xmax>145</xmax>
<ymax>237</ymax>
</bndbox>
</object>
</annotation>
