<?xml version="1.0" ?>
<annotation>
<folder>fddb</folder>
<filename>2003_01_16_big_img_622.jpg</filename>
<source>
<database>fddb Database</database>
<annotation>PASCAL VOC2007</annotation>
<image>flickr</image>
<flickrid>-1</flickrid>
</source>
<owner>
<flickrid>yanyu</flickrid>
<name>yanyu</name>
</owner>
<size>
<width>410</width>
<height>286</height>
<depth>3</depth>
</size>
<segmented>0</segmented>
<object>
<name>face</name>
<pose>Unspecified</pose>
<truncated>1</truncated>
<difficult>0</difficult>
<bndbox>
<xmin>180</xmin>
<ymin>17</ymin>
<xmax>245</xmax>
<ymax>110</ymax>
</bndbox>
</object>
<object>
<name>face</name>
<pose>Unspecified</pose>
<truncated>1</truncated>
<difficult>0</difficult>
<bndbox>
<xmin>180</xmin>
<ymin>17</ymin>
<xmax>245</xmax>
<ymax>110</ymax>
</bndbox>
</object>
<object>
<name>face</name>
<pose>Unspecified</pose>
<truncated>1</truncated>
<difficult>0</difficult>
<bndbox>
<xmin>252</xmin>
<ymin>51</ymin>
<xmax>323</xmax>
<ymax>150</ymax>
</bndbox>
</object>
<object>
<name>face</name>
<pose>Unspecified</pose>
<truncated>1</truncated>
<difficult>0</difficult>
<bndbox>
<xmin>252</xmin>
<ymin>51</ymin>
<xmax>323</xmax>
<ymax>150</ymax>
</bndbox>
</object>
</annotation>
