<?xml version="1.0" ?>
<annotation>
<folder>fddb</folder>
<filename>2003_01_17_big_img_794.jpg</filename>
<source>
<database>fddb Database</database>
<annotation>PASCAL VOC2007</annotation>
<image>flickr</image>
<flickrid>-1</flickrid>
</source>
<owner>
<flickrid>yanyu</flickrid>
<name>yanyu</name>
</owner>
<size>
<width>410</width>
<height>329</height>
<depth>3</depth>
</size>
<segmented>0</segmented>
<object>
<name>face</name>
<pose>Unspecified</pose>
<truncated>1</truncated>
<difficult>0</difficult>
<bndbox>
<xmin>117</xmin>
<ymin>44</ymin>
<xmax>190</xmax>
<ymax>157</ymax>
</bndbox>
</object>
<object>
<name>face</name>
<pose>Unspecified</pose>
<truncated>1</truncated>
<difficult>0</difficult>
<bndbox>
<xmin>117</xmin>
<ymin>44</ymin>
<xmax>190</xmax>
<ymax>157</ymax>
</bndbox>
</object>
<object>
<name>face</name>
<pose>Unspecified</pose>
<truncated>1</truncated>
<difficult>0</difficult>
<bndbox>
<xmin>275</xmin>
<ymin>10</ymin>
<xmax>352</xmax>
<ymax>131</ymax>
</bndbox>
</object>
<object>
<name>face</name>
<pose>Unspecified</pose>
<truncated>1</truncated>
<difficult>0</difficult>
<bndbox>
<xmin>275</xmin>
<ymin>10</ymin>
<xmax>352</xmax>
<ymax>131</ymax>
</bndbox>
</object>
</annotation>
