<?xml version="1.0" ?>
<annotation>
<folder>fddb</folder>
<filename>2003_01_15_big_img_335.jpg</filename>
<source>
<database>fddb Database</database>
<annotation>PASCAL VOC2007</annotation>
<image>flickr</image>
<flickrid>-1</flickrid>
</source>
<owner>
<flickrid>yanyu</flickrid>
<name>yanyu</name>
</owner>
<size>
<width>324</width>
<height>410</height>
<depth>3</depth>
</size>
<segmented>0</segmented>
<object>
<name>face</name>
<pose>Unspecified</pose>
<truncated>1</truncated>
<difficult>0</difficult>
<bndbox>
<xmin>158</xmin>
<ymin>15</ymin>
<xmax>235</xmax>
<ymax>130</ymax>
</bndbox>
</object>
<object>
<name>face</name>
<pose>Unspecified</pose>
<truncated>1</truncated>
<difficult>0</difficult>
<bndbox>
<xmin>158</xmin>
<ymin>15</ymin>
<xmax>235</xmax>
<ymax>130</ymax>
</bndbox>
</object>
<object>
<name>face</name>
<pose>Unspecified</pose>
<truncated>1</truncated>
<difficult>0</difficult>
<bndbox>
<xmin>88</xmin>
<ymin>28</ymin>
<xmax>127</xmax>
<ymax>89</ymax>
</bndbox>
</object>
<object>
<name>face</name>
<pose>Unspecified</pose>
<truncated>1</truncated>
<difficult>0</difficult>
<bndbox>
<xmin>88</xmin>
<ymin>28</ymin>
<xmax>127</xmax>
<ymax>89</ymax>
</bndbox>
</object>
<object>
<name>face</name>
<pose>Unspecified</pose>
<truncated>1</truncated>
<difficult>0</difficult>
<bndbox>
<xmin>293</xmin>
<ymin>287</ymin>
<xmax>324</xmax>
<ymax>372</ymax>
</bndbox>
</object>
<object>
<name>face</name>
<pose>Unspecified</pose>
<truncated>1</truncated>
<difficult>0</difficult>
<bndbox>
<xmin>281</xmin>
<ymin>243</ymin>
<xmax>324</xmax>
<ymax>314</ymax>
</bndbox>
</object>
<object>
<name>face</name>
<pose>Unspecified</pose>
<truncated>1</truncated>
<difficult>0</difficult>
<bndbox>
<xmin>0</xmin>
<ymin>301</ymin>
<xmax>40</xmax>
<ymax>384</ymax>
</bndbox>
</object>
</annotation>
