<?xml version="1.0" ?>
<annotation>
<folder>fddb</folder>
<filename>2003_01_01_big_img_698.jpg</filename>
<source>
<database>fddb Database</database>
<annotation>PASCAL VOC2007</annotation>
<image>flickr</image>
<flickrid>-1</flickrid>
</source>
<owner>
<flickrid>yanyu</flickrid>
<name>yanyu</name>
</owner>
<size>
<width>410</width>
<height>279</height>
<depth>3</depth>
</size>
<segmented>0</segmented>
<object>
<name>face</name>
<pose>Unspecified</pose>
<truncated>1</truncated>
<difficult>0</difficult>
<bndbox>
<xmin>176</xmin>
<ymin>10</ymin>
<xmax>249</xmax>
<ymax>113</ymax>
</bndbox>
</object>
<object>
<name>face</name>
<pose>Unspecified</pose>
<truncated>1</truncated>
<difficult>0</difficult>
<bndbox>
<xmin>176</xmin>
<ymin>10</ymin>
<xmax>249</xmax>
<ymax>113</ymax>
</bndbox>
</object>
</annotation>
