<?xml version="1.0" ?>
<annotation>
<folder>fddb</folder>
<filename>2003_01_14_big_img_652.jpg</filename>
<source>
<database>fddb Database</database>
<annotation>PASCAL VOC2007</annotation>
<image>flickr</image>
<flickrid>-1</flickrid>
</source>
<owner>
<flickrid>yanyu</flickrid>
<name>yanyu</name>
</owner>
<size>
<width>319</width>
<height>410</height>
<depth>3</depth>
</size>
<segmented>0</segmented>
<object>
<name>face</name>
<pose>Unspecified</pose>
<truncated>1</truncated>
<difficult>0</difficult>
<bndbox>
<xmin>120</xmin>
<ymin>24</ymin>
<xmax>209</xmax>
<ymax>163</ymax>
</bndbox>
</object>
<object>
<name>face</name>
<pose>Unspecified</pose>
<truncated>1</truncated>
<difficult>0</difficult>
<bndbox>
<xmin>120</xmin>
<ymin>24</ymin>
<xmax>209</xmax>
<ymax>163</ymax>
</bndbox>
</object>
<object>
<name>face</name>
<pose>Unspecified</pose>
<truncated>1</truncated>
<difficult>0</difficult>
<bndbox>
<xmin>250</xmin>
<ymin>66</ymin>
<xmax>319</xmax>
<ymax>169</ymax>
</bndbox>
</object>
</annotation>
