<?xml version="1.0" ?>
<annotation>
<folder>fddb</folder>
<filename>2003_01_16_big_img_497.jpg</filename>
<source>
<database>fddb Database</database>
<annotation>PASCAL VOC2007</annotation>
<image>flickr</image>
<flickrid>-1</flickrid>
</source>
<owner>
<flickrid>yanyu</flickrid>
<name>yanyu</name>
</owner>
<size>
<width>410</width>
<height>259</height>
<depth>3</depth>
</size>
<segmented>0</segmented>
<object>
<name>face</name>
<pose>Unspecified</pose>
<truncated>1</truncated>
<difficult>0</difficult>
<bndbox>
<xmin>24</xmin>
<ymin>87</ymin>
<xmax>65</xmax>
<ymax>154</ymax>
</bndbox>
</object>
<object>
<name>face</name>
<pose>Unspecified</pose>
<truncated>1</truncated>
<difficult>0</difficult>
<bndbox>
<xmin>24</xmin>
<ymin>87</ymin>
<xmax>65</xmax>
<ymax>154</ymax>
</bndbox>
</object>
<object>
<name>face</name>
<pose>Unspecified</pose>
<truncated>1</truncated>
<difficult>0</difficult>
<bndbox>
<xmin>99</xmin>
<ymin>78</ymin>
<xmax>142</xmax>
<ymax>149</ymax>
</bndbox>
</object>
<object>
<name>face</name>
<pose>Unspecified</pose>
<truncated>1</truncated>
<difficult>0</difficult>
<bndbox>
<xmin>99</xmin>
<ymin>78</ymin>
<xmax>142</xmax>
<ymax>149</ymax>
</bndbox>
</object>
<object>
<name>face</name>
<pose>Unspecified</pose>
<truncated>1</truncated>
<difficult>0</difficult>
<bndbox>
<xmin>172</xmin>
<ymin>39</ymin>
<xmax>219</xmax>
<ymax>114</ymax>
</bndbox>
</object>
<object>
<name>face</name>
<pose>Unspecified</pose>
<truncated>1</truncated>
<difficult>0</difficult>
<bndbox>
<xmin>172</xmin>
<ymin>39</ymin>
<xmax>219</xmax>
<ymax>114</ymax>
</bndbox>
</object>
<object>
<name>face</name>
<pose>Unspecified</pose>
<truncated>1</truncated>
<difficult>0</difficult>
<bndbox>
<xmin>288</xmin>
<ymin>19</ymin>
<xmax>337</xmax>
<ymax>98</ymax>
</bndbox>
</object>
<object>
<name>face</name>
<pose>Unspecified</pose>
<truncated>1</truncated>
<difficult>0</difficult>
<bndbox>
<xmin>288</xmin>
<ymin>19</ymin>
<xmax>337</xmax>
<ymax>98</ymax>
</bndbox>
</object>
</annotation>
