<?xml version="1.0" ?>
<annotation>
<folder>fddb</folder>
<filename>2003_01_17_big_img_844.jpg</filename>
<source>
<database>fddb Database</database>
<annotation>PASCAL VOC2007</annotation>
<image>flickr</image>
<flickrid>-1</flickrid>
</source>
<owner>
<flickrid>yanyu</flickrid>
<name>yanyu</name>
</owner>
<size>
<width>379</width>
<height>450</height>
<depth>3</depth>
</size>
<segmented>0</segmented>
<object>
<name>face</name>
<pose>Unspecified</pose>
<truncated>1</truncated>
<difficult>0</difficult>
<bndbox>
<xmin>94</xmin>
<ymin>49</ymin>
<xmax>241</xmax>
<ymax>224</ymax>
</bndbox>
</object>
<object>
<name>face</name>
<pose>Unspecified</pose>
<truncated>1</truncated>
<difficult>0</difficult>
<bndbox>
<xmin>94</xmin>
<ymin>49</ymin>
<xmax>241</xmax>
<ymax>224</ymax>
</bndbox>
</object>
<object>
<name>face</name>
<pose>Unspecified</pose>
<truncated>1</truncated>
<difficult>0</difficult>
<bndbox>
<xmin>173</xmin>
<ymin>311</ymin>
<xmax>250</xmax>
<ymax>432</ymax>
</bndbox>
</object>
<object>
<name>face</name>
<pose>Unspecified</pose>
<truncated>1</truncated>
<difficult>0</difficult>
<bndbox>
<xmin>173</xmin>
<ymin>311</ymin>
<xmax>250</xmax>
<ymax>432</ymax>
</bndbox>
</object>
</annotation>
