<?xml version="1.0" ?>
<annotation>
<folder>fddb</folder>
<filename>2003_01_15_big_img_605.jpg</filename>
<source>
<database>fddb Database</database>
<annotation>PASCAL VOC2007</annotation>
<image>flickr</image>
<flickrid>-1</flickrid>
</source>
<owner>
<flickrid>yanyu</flickrid>
<name>yanyu</name>
</owner>
<size>
<width>409</width>
<height>281</height>
<depth>3</depth>
</size>
<segmented>0</segmented>
<object>
<name>face</name>
<pose>Unspecified</pose>
<truncated>1</truncated>
<difficult>0</difficult>
<bndbox>
<xmin>233</xmin>
<ymin>59</ymin>
<xmax>338</xmax>
<ymax>218</ymax>
</bndbox>
</object>
<object>
<name>face</name>
<pose>Unspecified</pose>
<truncated>1</truncated>
<difficult>0</difficult>
<bndbox>
<xmin>233</xmin>
<ymin>59</ymin>
<xmax>338</xmax>
<ymax>218</ymax>
</bndbox>
</object>
</annotation>
