<?xml version="1.0" ?>
<annotation>
<folder>fddb</folder>
<filename>2003_01_16_big_img_294.jpg</filename>
<source>
<database>fddb Database</database>
<annotation>PASCAL VOC2007</annotation>
<image>flickr</image>
<flickrid>-1</flickrid>
</source>
<owner>
<flickrid>yanyu</flickrid>
<name>yanyu</name>
</owner>
<size>
<width>305</width>
<height>409</height>
<depth>3</depth>
</size>
<segmented>0</segmented>
<object>
<name>face</name>
<pose>Unspecified</pose>
<truncated>1</truncated>
<difficult>0</difficult>
<bndbox>
<xmin>47</xmin>
<ymin>42</ymin>
<xmax>110</xmax>
<ymax>145</ymax>
</bndbox>
</object>
<object>
<name>face</name>
<pose>Unspecified</pose>
<truncated>1</truncated>
<difficult>0</difficult>
<bndbox>
<xmin>47</xmin>
<ymin>42</ymin>
<xmax>110</xmax>
<ymax>145</ymax>
</bndbox>
</object>
<object>
<name>face</name>
<pose>Unspecified</pose>
<truncated>1</truncated>
<difficult>0</difficult>
<bndbox>
<xmin>166</xmin>
<ymin>33</ymin>
<xmax>227</xmax>
<ymax>120</ymax>
</bndbox>
</object>
<object>
<name>face</name>
<pose>Unspecified</pose>
<truncated>1</truncated>
<difficult>0</difficult>
<bndbox>
<xmin>166</xmin>
<ymin>33</ymin>
<xmax>227</xmax>
<ymax>120</ymax>
</bndbox>
</object>
<object>
<name>face</name>
<pose>Unspecified</pose>
<truncated>1</truncated>
<difficult>0</difficult>
<bndbox>
<xmin>3</xmin>
<ymin>139</ymin>
<xmax>48</xmax>
<ymax>200</ymax>
</bndbox>
</object>
<object>
<name>face</name>
<pose>Unspecified</pose>
<truncated>1</truncated>
<difficult>0</difficult>
<bndbox>
<xmin>3</xmin>
<ymin>139</ymin>
<xmax>48</xmax>
<ymax>200</ymax>
</bndbox>
</object>
</annotation>
