<?xml version="1.0" ?>
<annotation>
<folder>fddb</folder>
<filename>2003_01_13_big_img_884.jpg</filename>
<source>
<database>fddb Database</database>
<annotation>PASCAL VOC2007</annotation>
<image>flickr</image>
<flickrid>-1</flickrid>
</source>
<owner>
<flickrid>yanyu</flickrid>
<name>yanyu</name>
</owner>
<size>
<width>385</width>
<height>450</height>
<depth>3</depth>
</size>
<segmented>0</segmented>
<object>
<name>face</name>
<pose>Unspecified</pose>
<truncated>1</truncated>
<difficult>0</difficult>
<bndbox>
<xmin>102</xmin>
<ymin>100</ymin>
<xmax>213</xmax>
<ymax>225</ymax>
</bndbox>
</object>
<object>
<name>face</name>
<pose>Unspecified</pose>
<truncated>1</truncated>
<difficult>0</difficult>
<bndbox>
<xmin>102</xmin>
<ymin>100</ymin>
<xmax>213</xmax>
<ymax>225</ymax>
</bndbox>
</object>
<object>
<name>face</name>
<pose>Unspecified</pose>
<truncated>1</truncated>
<difficult>0</difficult>
<bndbox>
<xmin>167</xmin>
<ymin>40</ymin>
<xmax>272</xmax>
<ymax>213</ymax>
</bndbox>
</object>
<object>
<name>face</name>
<pose>Unspecified</pose>
<truncated>1</truncated>
<difficult>0</difficult>
<bndbox>
<xmin>167</xmin>
<ymin>40</ymin>
<xmax>272</xmax>
<ymax>213</ymax>
</bndbox>
</object>
<object>
<name>face</name>
<pose>Unspecified</pose>
<truncated>1</truncated>
<difficult>0</difficult>
<bndbox>
<xmin>0</xmin>
<ymin>61</ymin>
<xmax>79</xmax>
<ymax>206</ymax>
</bndbox>
</object>
</annotation>
